date,deepSleepTime,shallowSleepTime,wakeTime,start,stop,REMTime,naps
2021-09-17,0,0,0,2021-09-17 21:00:00+0000,2021-09-17 21:00:00+0000,0,
2021-09-18,169,192,36,2021-09-17 20:16:00+0000,2021-09-18 04:07:00+0000,74,
2021-09-19,86,234,0,2021-09-18 20:17:00+0000,2021-09-19 03:07:00+0000,90,
2021-09-20,94,227,26,2021-09-19 19:46:00+0000,2021-09-20 03:04:00+0000,91,
2021-09-21,91,263,6,2021-09-20 19:51:00+0000,2021-09-21 02:48:00+0000,57,
2021-09-22,115,309,8,2021-09-21 19:30:00+0000,2021-09-22 03:05:00+0000,23,
2021-09-23,112,245,11,2021-09-22 19:49:00+0000,2021-09-23 03:05:00+0000,68,
2021-09-24,129,277,6,2021-09-23 19:51:00+0000,2021-09-24 03:05:00+0000,22,
2021-09-25,127,402,17,2021-09-24 19:10:00+0000,2021-09-25 04:21:00+0000,5,
2021-09-26,28,336,27,2021-09-25 19:45:00+0000,2021-09-26 04:45:00+0000,149,
2021-09-27,102,236,7,2021-09-26 19:31:00+0000,2021-09-27 02:37:00+0000,81,
2021-09-28,88,238,6,2021-09-27 19:57:00+0000,2021-09-28 03:08:00+0000,99,
2021-09-29,106,318,22,2021-09-28 19:51:00+0000,2021-09-29 04:15:00+0000,58,
2021-09-30,182,178,0,2021-09-29 19:11:00+0000,2021-09-30 03:05:00+0000,114,
2021-10-01,150,203,15,2021-09-30 19:45:00+0000,2021-10-01 03:53:00+0000,120,
2021-10-02,125,225,13,2021-10-01 19:53:00+0000,2021-10-02 03:35:00+0000,99,
2021-10-03,117,265,14,2021-10-02 19:50:00+0000,2021-10-03 03:55:00+0000,89,
2021-10-04,78,232,9,2021-10-03 20:27:00+0000,2021-10-04 03:05:00+0000,79,
2021-10-05,136,242,17,2021-10-04 19:36:00+0000,2021-10-05 04:02:00+0000,111,
2021-10-06,39,267,22,2021-10-05 19:50:00+0000,2021-10-06 03:36:00+0000,138,
2021-10-07,108,255,16,2021-10-06 19:31:00+0000,2021-10-07 04:14:00+0000,144,
2021-10-08,105,343,5,2021-10-07 19:27:00+0000,2021-10-08 03:05:00+0000,5,
2021-10-09,46,319,9,2021-10-08 19:14:00+0000,2021-10-09 03:53:00+0000,145,
2021-10-10,111,254,7,2021-10-09 19:27:00+0000,2021-10-10 03:04:00+0000,85,
2021-10-11,113,313,16,2021-10-10 19:35:00+0000,2021-10-11 03:35:00+0000,38,
2021-10-12,42,276,27,2021-10-11 19:39:00+0000,2021-10-12 03:34:00+0000,130,
2021-10-13,25,266,36,2021-10-12 19:14:00+0000,2021-10-13 03:05:00+0000,144,
2021-10-14,127,273,7,2021-10-13 19:46:00+0000,2021-10-14 03:07:00+0000,34,
2021-10-15,110,220,5,2021-10-14 19:49:00+0000,2021-10-15 03:05:00+0000,101,
2021-10-16,111,342,25,2021-10-15 19:46:00+0000,2021-10-16 04:23:00+0000,39,
2021-10-17,93,258,7,2021-10-16 20:12:00+0000,2021-10-17 03:35:00+0000,85,
2021-10-18,108,284,16,2021-10-17 19:59:00+0000,2021-10-18 03:56:00+0000,69,
2021-10-19,91,230,6,2021-10-18 20:04:00+0000,2021-10-19 03:05:00+0000,94,
2021-10-20,101,218,27,2021-10-19 19:49:00+0000,2021-10-20 03:42:00+0000,127,
2021-10-21,140,217,20,2021-10-20 19:50:00+0000,2021-10-21 03:45:00+0000,98,
2021-10-22,110,259,6,2021-10-21 19:57:00+0000,2021-10-22 03:53:00+0000,101,
2021-10-23,78,290,21,2021-10-22 19:52:00+0000,2021-10-23 04:43:00+0000,142,
2021-10-24,98,360,5,2021-10-23 19:54:00+0000,2021-10-24 04:04:00+0000,27,
2021-10-25,28,281,0,2021-10-24 19:35:00+0000,2021-10-25 03:06:00+0000,142,
2021-10-26,143,269,5,2021-10-25 19:56:00+0000,2021-10-26 03:05:00+0000,12,
2021-10-27,119,282,5,2021-10-26 20:20:00+0000,2021-10-27 03:35:00+0000,29,
2021-10-28,125,302,7,2021-10-27 19:50:00+0000,2021-10-28 03:36:00+0000,32,"[{\"start\":\"2019-04-14 00:40:06+0000\",\"end\":\"2019-04-14 00:40:33+0000\"}]"
2021-10-29,100,350,14,2021-10-28 19:49:00+0000,2021-10-29 04:03:00+0000,30,
2021-10-30,183,174,0,2021-10-29 20:16:00+0000,2021-10-30 04:03:00+0000,110,"[{\"start\":\"2019-04-14 00:37:48+0000\",\"end\":\"2019-04-14 00:38:10+0000\"}]"
2021-10-31,112,260,0,2021-10-30 20:00:00+0000,2021-10-31 03:55:00+0000,103,
2021-11-01,2,288,13,2021-10-31 19:40:00+0000,2021-11-01 02:46:00+0000,123,"[{\"start\":\"2019-04-14 00:34:35+0000\",\"end\":\"2019-04-14 00:35:14+0000\"},{\"start\":\"2019-04-14 00:35:15+0000\",\"end\":\"2019-04-14 00:35:15+0000\"},{\"start\":\"2019-04-14 00:35:16+0000\",\"end\":\"2019-04-14 00:35:42+0000\"}]"
2021-11-02,111,287,0,2021-11-01 19:10:00+0000,2021-11-02 03:05:00+0000,77,
2021-11-03,124,226,6,2021-11-02 20:09:00+0000,2021-11-03 03:35:00+0000,90,
2021-11-04,96,316,5,2021-11-03 19:57:00+0000,2021-11-04 03:05:00+0000,11,
2021-11-05,111,300,13,2021-11-04 20:33:00+0000,2021-11-05 04:52:00+0000,75,
2021-11-06,54,275,5,2021-11-05 19:44:00+0000,2021-11-06 03:36:00+0000,138,"[{\"start\":\"2019-04-14 00:40:52+0000\",\"end\":\"2019-04-14 00:41:17+0000\"},{\"start\":\"2019-04-14 00:41:18+0000\",\"end\":\"2019-04-14 00:41:40+0000\"},{\"start\":\"2019-04-14 00:41:41+0000\",\"end\":\"2019-04-14 00:42:03+0000\"}]"
2021-11-07,89,204,30,2021-11-06 21:21:00+0000,2021-11-07 03:57:00+0000,73,
2021-11-08,31,273,12,2021-11-07 20:07:00+0000,2021-11-08 03:46:00+0000,143,
2021-11-09,155,162,0,2021-11-08 20:11:00+0000,2021-11-09 03:03:00+0000,95,
2021-11-10,84,207,7,2021-11-09 20:22:00+0000,2021-11-10 03:05:00+0000,105,
2021-11-11,129,212,73,2021-11-10 20:31:00+0000,2021-11-11 05:04:00+0000,99,"[{\"start\":\"2019-04-14 00:33:51+0000\",\"end\":\"2019-04-14 00:34:38+0000\"}]"
2021-11-12,107,291,17,2021-11-11 20:38:00+0000,2021-11-12 04:38:00+0000,65,
2021-11-13,98,333,9,2021-11-12 20:36:00+0000,2021-11-13 04:45:00+0000,49,
2021-11-14,102,277,0,2021-11-13 20:48:00+0000,2021-11-14 04:41:00+0000,94,
2021-11-15,13,285,7,2021-11-14 20:25:00+0000,2021-11-15 03:35:00+0000,125,
2021-11-16,84,220,0,2021-11-15 20:35:00+0000,2021-11-16 03:05:00+0000,86,
2021-11-17,114,201,6,2021-11-16 20:00:00+0000,2021-11-17 03:05:00+0000,104,
2021-11-18,136,190,0,2021-11-17 20:06:00+0000,2021-11-18 03:05:00+0000,93,
2021-11-19,117,353,8,2021-11-18 19:54:00+0000,2021-11-19 04:18:00+0000,26,
2021-11-20,95,309,2,2021-11-19 20:14:00+0000,2021-11-20 03:35:00+0000,35,
2021-11-21,88,288,1,2021-11-20 19:40:00+0000,2021-11-21 04:26:00+0000,149,
2021-11-22,149,298,5,2021-11-21 20:13:00+0000,2021-11-22 03:45:00+0000,0,
2021-11-23,124,214,0,2021-11-22 19:54:00+0000,2021-11-23 03:05:00+0000,93,
2021-11-24,109,317,6,2021-11-23 19:51:00+0000,2021-11-24 03:38:00+0000,35,
2021-11-25,155,211,0,2021-11-24 20:15:00+0000,2021-11-25 04:04:00+0000,103,
2021-11-26,106,241,0,2021-11-25 20:33:00+0000,2021-11-26 04:04:00+0000,104,
2021-11-27,125,253,0,2021-11-26 20:23:00+0000,2021-11-27 04:05:00+0000,84,
2021-11-28,110,279,12,2021-11-27 20:08:00+0000,2021-11-28 04:30:00+0000,101,
2021-11-29,28,271,0,2021-11-28 20:22:00+0000,2021-11-29 03:35:00+0000,134,
2021-11-30,50,230,10,2021-11-29 20:39:00+0000,2021-11-30 03:37:00+0000,128,
2021-12-01,84,236,4,2021-11-30 20:30:00+0000,2021-12-01 03:35:00+0000,101,
2021-12-02,150,237,17,2021-12-01 20:08:00+0000,2021-12-02 04:16:00+0000,84,
2021-12-03,168,252,0,2021-12-02 19:40:00+0000,2021-12-03 03:06:00+0000,26,
2021-12-04,182,280,0,2021-12-03 19:46:00+0000,2021-12-04 03:35:00+0000,7,
2021-12-05,112,268,13,2021-12-04 19:52:00+0000,2021-12-05 04:22:00+0000,117,
2021-12-06,70,264,4,2021-12-05 20:09:00+0000,2021-12-06 02:29:00+0000,42,"[{\"start\":\"2019-04-14 00:36:21+0000\",\"end\":\"2019-04-14 00:36:54+0000\"}]"
2021-12-07,128,235,17,2021-12-06 19:21:00+0000,2021-12-07 03:35:00+0000,114,
2021-12-08,75,177,0,2021-12-07 21:38:00+0000,2021-12-08 03:21:00+0000,91,
2021-12-09,21,240,79,2021-12-08 20:00:00+0000,2021-12-09 04:08:00+0000,148,
2021-12-10,26,257,31,2021-12-09 19:43:00+0000,2021-12-10 03:05:00+0000,128,
2021-12-11,120,324,8,2021-12-10 19:47:00+0000,2021-12-11 03:35:00+0000,16,
2021-12-12,102,232,5,2021-12-11 20:04:00+0000,2021-12-12 03:35:00+0000,112,
2021-12-13,151,200,0,2021-12-12 20:40:00+0000,2021-12-13 03:19:00+0000,48,
2021-12-14,93,261,0,2021-12-13 20:04:00+0000,2021-12-14 03:20:00+0000,82,
2021-12-15,133,144,106,2021-12-14 20:04:00+0000,2021-12-15 04:38:00+0000,131,
2021-12-16,92,256,0,2021-12-15 20:08:00+0000,2021-12-16 03:24:00+0000,88,
2021-12-17,128,222,0,2021-12-16 20:06:00+0000,2021-12-17 03:36:00+0000,100,
2021-12-18,167,288,12,2021-12-17 20:11:00+0000,2021-12-18 04:23:00+0000,25,
2021-12-19,0,0,0,2021-12-19 23:00:00+0000,2021-12-19 23:00:00+0000,0,"[{\"start\":\"2019-04-14 00:38:37+0000\",\"end\":\"2019-04-14 00:39:00+0000\"}]"
2021-12-20,146,250,0,2021-12-19 19:47:00+0000,2021-12-20 04:18:00+0000,115,
2021-12-21,15,304,0,2021-12-20 22:10:00+0000,2021-12-21 05:00:00+0000,91,"[{\"start\":\"2019-04-14 00:39:35+0000\",\"end\":\"2019-04-14 00:40:29+0000\"}]"
2021-12-22,66,299,0,2021-12-21 21:55:00+0000,2021-12-22 05:01:00+0000,61,
2021-12-23,30,28,0,2021-12-22 21:31:00+0000,2021-12-22 22:40:00+0000,11,"[{\"start\":\"2019-04-14 00:37:34+0000\",\"end\":\"2019-04-14 00:38:11+0000\"},{\"start\":\"2019-04-14 00:38:12+0000\",\"end\":\"2019-04-14 00:38:25+0000\"},{\"start\":\"2019-04-14 00:38:26+0000\",\"end\":\"2019-04-14 00:38:34+0000\"},{\"start\":\"2019-04-14 00:38:35+0000\",\"end\":\"2019-04-14 00:38:59+0000\"},{\"start\":\"2019-04-14 00:39:00+0000\",\"end\":\"2019-04-14 00:40:47+0000\"}]"
2021-12-24,94,258,14,2021-12-23 23:19:00+0000,2021-12-24 06:35:00+0000,70,
2021-12-25,130,257,0,2021-12-24 22:23:00+0000,2021-12-25 05:58:00+0000,68,
2021-12-26,88,245,11,2021-12-25 22:03:00+0000,2021-12-26 05:03:00+0000,76,
2021-12-27,118,197,5,2021-12-26 22:07:00+0000,2021-12-27 04:49:00+0000,82,
2021-12-28,115,227,6,2021-12-27 21:52:00+0000,2021-12-28 05:05:00+0000,85,
2021-12-29,98,295,1,2021-12-28 22:01:00+0000,2021-12-29 05:01:00+0000,26,
2021-12-30,86,209,41,2021-12-29 22:08:00+0000,2021-12-30 04:39:00+0000,55,
2021-12-31,112,189,0,2021-12-30 22:14:00+0000,2021-12-31 04:35:00+0000,80,
2022-01-01,112,228,0,2021-12-31 23:38:00+0000,2022-01-01 06:30:00+0000,72,
2022-01-02,99,258,3,2022-01-01 21:43:00+0000,2022-01-02 05:37:00+0000,114,
2022-01-03,113,252,2,2022-01-02 21:46:00+0000,2022-01-03 05:23:00+0000,90,
2022-01-04,94,262,0,2022-01-03 21:42:00+0000,2022-01-04 05:03:00+0000,85,
2022-01-05,76,253,0,2022-01-04 22:38:00+0000,2022-01-05 05:31:00+0000,84,
2022-01-06,100,262,0,2022-01-05 22:55:00+0000,2022-01-06 05:32:00+0000,35,"[{\"start\":\"2019-04-14 00:40:18+0000\",\"end\":\"2019-04-14 00:40:30+0000\"},{\"start\":\"2019-04-14 00:40:31+0000\",\"end\":\"2019-04-14 00:41:01+0000\"},{\"start\":\"2019-04-14 00:41:02+0000\",\"end\":\"2019-04-14 00:41:32+0000\"}]"
2022-01-07,126,265,6,2022-01-06 21:56:00+0000,2022-01-07 06:02:00+0000,89,
2022-01-08,149,205,0,2022-01-07 22:10:00+0000,2022-01-08 05:32:00+0000,88,
2022-01-09,141,300,0,2022-01-08 21:55:00+0000,2022-01-09 05:33:00+0000,17,
2022-01-10,132,216,0,2022-01-09 22:53:00+0000,2022-01-10 05:01:00+0000,20,
2022-01-11,101,226,0,2022-01-10 22:25:00+0000,2022-01-11 05:02:00+0000,70,
2022-01-12,134,232,0,2022-01-11 21:46:00+0000,2022-01-12 05:04:00+0000,72,
2022-01-13,153,272,0,2022-01-12 22:11:00+0000,2022-01-13 05:35:00+0000,19,
2022-01-14,120,272,0,2022-01-13 21:40:00+0000,2022-01-14 05:33:00+0000,81,
2022-01-15,202,137,0,2022-01-14 22:10:00+0000,2022-01-15 05:35:00+0000,106,
2022-01-16,107,306,0,2022-01-15 22:05:00+0000,2022-01-16 06:06:00+0000,68,
2022-01-17,60,260,3,2022-01-16 22:14:00+0000,2022-01-17 05:32:00+0000,115,
2022-01-18,47,264,0,2022-01-17 22:02:00+0000,2022-01-18 05:13:00+0000,120,
2022-01-19,128,214,0,2022-01-18 22:19:00+0000,2022-01-19 05:08:00+0000,67,
2022-01-20,84,343,0,2022-01-19 21:48:00+0000,2022-01-20 05:05:00+0000,10,
2022-01-21,107,224,0,2022-01-20 22:23:00+0000,2022-01-21 05:36:00+0000,102,
2022-01-22,125,214,0,2022-01-21 22:39:00+0000,2022-01-22 05:34:00+0000,76,
2022-01-23,90,300,6,2022-01-22 22:01:00+0000,2022-01-23 05:09:00+0000,32,"[{\"start\":\"2022-01-08 00:40:53+0000\",\"end\":\"2022-01-08 00:41:45+0000\"}]"
2022-01-24,104,325,9,2022-01-23 22:22:00+0000,2022-01-24 06:00:00+0000,20,
2022-01-25,82,267,1,2022-01-24 22:16:00+0000,2022-01-25 05:36:00+0000,90,
2022-01-26,70,218,5,2022-01-25 21:53:00+0000,2022-01-26 03:52:00+0000,66,"[{\"start\":\"2022-01-08 00:39:38+0000\",\"end\":\"2022-01-08 00:40:15+0000\"}]"
2022-01-27,103,235,6,2022-01-26 21:54:00+0000,2022-01-27 05:06:00+0000,88,
2022-01-28,124,212,0,2022-01-27 22:21:00+0000,2022-01-28 05:33:00+0000,96,
2022-01-29,96,311,0,2022-01-28 22:39:00+0000,2022-01-29 05:35:00+0000,9,
2022-01-30,126,364,6,2022-01-29 21:47:00+0000,2022-01-30 06:31:00+0000,28,
2022-01-31,97,237,20,2022-01-30 22:05:00+0000,2022-01-31 05:37:00+0000,98,
2022-02-01,127,326,0,2022-01-31 21:24:00+0000,2022-02-01 05:05:00+0000,8,
2022-02-02,144,202,16,2022-02-01 22:05:00+0000,2022-02-02 05:41:00+0000,94,
2022-02-03,111,309,0,2022-02-02 21:41:00+0000,2022-02-03 05:05:00+0000,24,
2022-02-04,93,244,6,2022-02-03 21:35:00+0000,2022-02-04 05:03:00+0000,105,
2022-02-05,111,293,17,2022-02-04 22:29:00+0000,2022-02-05 06:34:00+0000,64,
2022-02-06,136,267,11,2022-02-05 21:29:00+0000,2022-02-06 06:08:00+0000,105,
2022-02-07,12,72,324,2022-02-06 22:21:00+0000,2022-02-07 05:33:00+0000,24,
2022-02-08,115,284,0,2022-02-07 21:43:00+0000,2022-02-08 05:36:00+0000,74,
2022-02-09,98,267,0,2022-02-08 22:07:00+0000,2022-02-09 05:38:00+0000,86,
2022-02-10,108,350,13,2022-02-09 21:25:00+0000,2022-02-10 05:38:00+0000,22,
2022-02-11,97,314,12,2022-02-10 22:20:00+0000,2022-02-11 05:46:00+0000,23,
2022-02-12,94,278,0,2022-02-11 21:51:00+0000,2022-02-12 05:37:00+0000,94,"[{\"start\":\"2022-01-08 00:41:55+0000\",\"end\":\"2022-01-08 00:42:35+0000\"}]"
2022-02-13,102,273,0,2022-02-12 22:03:00+0000,2022-02-13 05:33:00+0000,75,
2022-02-14,130,300,4,2022-02-13 21:21:00+0000,2022-02-14 05:47:00+0000,72,
2022-02-15,135,261,0,2022-02-14 21:48:00+0000,2022-02-15 04:50:00+0000,26,
2022-02-16,96,348,0,2022-02-15 22:05:00+0000,2022-02-16 06:05:00+0000,36,
2022-02-17,94,275,0,2022-02-16 22:31:00+0000,2022-02-17 05:05:00+0000,25,
2022-02-18,89,297,0,2022-02-17 22:41:00+0000,2022-02-18 05:34:00+0000,27,
2022-02-19,103,368,0,2022-02-18 21:36:00+0000,2022-02-19 06:19:00+0000,52,
2022-02-20,157,217,0,2022-02-19 21:56:00+0000,2022-02-20 06:07:00+0000,117,
2022-02-21,108,336,11,2022-02-20 21:15:00+0000,2022-02-21 05:48:00+0000,58,
2022-02-22,108,285,0,2022-02-21 21:43:00+0000,2022-02-22 05:35:00+0000,79,"[{\"start\":\"2022-01-08 00:35:56+0000\",\"end\":\"2022-01-08 00:36:26+0000\"}]"
2022-02-23,104,240,0,2022-02-22 22:47:00+0000,2022-02-23 05:33:00+0000,62,
2022-02-24,110,196,11,2022-02-23 23:18:00+0000,2022-02-24 05:37:00+0000,62,
2022-02-25,85,348,8,2022-02-24 22:38:00+0000,2022-02-25 06:07:00+0000,8,
2022-02-26,169,212,11,2022-02-25 22:48:00+0000,2022-02-26 06:06:00+0000,46,
2022-02-27,109,219,0,2022-02-26 22:43:00+0000,2022-02-27 05:35:00+0000,84,
2022-02-28,113,253,8,2022-02-27 21:57:00+0000,2022-02-28 06:05:00+0000,114,
2022-03-01,17,144,96,2022-02-28 22:19:00+0000,2022-03-01 05:05:00+0000,149,
2022-03-02,103,268,6,2022-03-01 21:43:00+0000,2022-03-02 05:00:00+0000,60,
2022-03-03,128,189,0,2022-03-02 22:50:00+0000,2022-03-03 04:53:00+0000,46,
2022-03-04,86,309,5,2022-03-03 21:58:00+0000,2022-03-04 05:01:00+0000,23,
2022-03-05,90,245,0,2022-03-04 22:37:00+0000,2022-03-05 05:35:00+0000,83,
2022-03-06,96,283,3,2022-03-05 22:37:00+0000,2022-03-06 05:21:00+0000,22,
2022-03-07,128,198,4,2022-03-06 22:10:00+0000,2022-03-07 05:05:00+0000,85,
2022-03-08,104,287,0,2022-03-07 22:21:00+0000,2022-03-08 05:05:00+0000,13,
2022-03-09,106,225,0,2022-03-08 22:11:00+0000,2022-03-09 05:03:00+0000,81,
2022-03-10,121,290,3,2022-03-09 21:58:00+0000,2022-03-10 05:03:00+0000,11,
2022-03-11,108,244,14,2022-03-10 22:29:00+0000,2022-03-11 05:58:00+0000,83,
2022-03-12,83,278,0,2022-03-11 22:40:00+0000,2022-03-12 05:01:00+0000,20,
2022-03-13,99,258,7,2022-03-12 21:37:00+0000,2022-03-13 05:35:00+0000,114,
2022-03-14,96,280,13,2022-03-13 21:31:00+0000,2022-03-14 05:33:00+0000,93,
2022-03-15,120,215,0,2022-03-14 22:17:00+0000,2022-03-15 05:05:00+0000,73,
2022-03-16,114,273,0,2022-03-15 22:04:00+0000,2022-03-16 05:05:00+0000,34,
2022-03-17,146,284,1,2022-03-16 21:47:00+0000,2022-03-17 05:03:00+0000,5,
2022-03-18,135,211,5,2022-03-17 21:49:00+0000,2022-03-18 05:06:00+0000,86,
2022-03-19,102,244,7,2022-03-18 22:08:00+0000,2022-03-19 06:05:00+0000,124,
2022-03-20,112,275,9,2022-03-19 22:10:00+0000,2022-03-20 06:00:00+0000,74,
2022-03-21,153,245,11,2022-03-20 21:32:00+0000,2022-03-21 06:03:00+0000,102,
2022-03-22,148,226,8,2022-03-21 22:24:00+0000,2022-03-22 06:07:00+0000,81,
2022-03-23,127,227,8,2022-03-22 22:30:00+0000,2022-03-23 06:09:00+0000,97,
2022-03-24,90,258,32,2022-03-23 21:34:00+0000,2022-03-24 05:06:00+0000,72,
2022-03-25,118,312,9,2022-03-24 21:54:00+0000,2022-03-25 06:20:00+0000,67,
2022-03-26,107,221,23,2022-03-25 22:00:00+0000,2022-03-26 05:31:00+0000,100,
2022-03-27,103,179,79,2022-03-26 22:27:00+0000,2022-03-27 06:11:00+0000,103,
2022-03-28,119,259,14,2022-03-27 21:30:00+0000,2022-03-28 05:30:00+0000,88,
2022-03-29,113,238,12,2022-03-28 22:07:00+0000,2022-03-29 05:34:00+0000,84,
2022-03-30,106,294,27,2022-03-29 21:35:00+0000,2022-03-30 05:26:00+0000,44,
2022-03-31,151,190,12,2022-03-30 21:41:00+0000,2022-03-31 05:17:00+0000,103,
2022-04-01,172,164,17,2022-03-31 21:57:00+0000,2022-04-01 05:34:00+0000,104,
2022-04-02,105,330,7,2022-04-01 20:45:00+0000,2022-04-02 04:35:00+0000,28,
2022-04-03,127,229,15,2022-04-02 21:53:00+0000,2022-04-03 05:28:00+0000,84,
2022-04-04,112,234,9,2022-04-03 21:36:00+0000,2022-04-04 05:26:00+0000,115,
2022-04-05,116,257,7,2022-04-04 21:18:00+0000,2022-04-05 05:19:00+0000,101,
2022-04-06,111,207,29,2022-04-05 21:31:00+0000,2022-04-06 05:30:00+0000,132,
2022-04-07,167,228,15,2022-04-06 20:43:00+0000,2022-04-07 05:35:00+0000,122,
2022-04-08,111,240,0,2022-04-07 20:59:00+0000,2022-04-08 04:38:00+0000,108,
2022-04-09,135,190,203,2022-04-08 20:28:00+0000,2022-04-09 05:32:00+0000,16,"[{\"start\":\"2022-01-08 00:34:29+0000\",\"end\":\"2022-01-08 00:34:59+0000\"}]"
2022-04-10,95,339,0,2022-04-09 20:49:00+0000,2022-04-10 04:03:00+0000,0,
2022-04-11,107,253,23,2022-04-10 21:04:00+0000,2022-04-11 05:19:00+0000,112,
2022-04-12,95,291,31,2022-04-11 20:50:00+0000,2022-04-12 05:06:00+0000,79,
2022-04-13,84,219,0,2022-04-12 21:36:00+0000,2022-04-13 04:02:00+0000,83,
2022-04-14,170,250,9,2022-04-13 20:38:00+0000,2022-04-14 05:20:00+0000,93,
2022-04-15,108,243,19,2022-04-14 21:10:00+0000,2022-04-15 05:12:00+0000,112,
2022-04-16,106,122,246,2022-04-15 21:24:00+0000,2022-04-16 06:10:00+0000,52,
2022-04-17,81,232,0,2022-04-16 20:42:00+0000,2022-04-17 03:12:00+0000,77,
2022-04-18,138,297,13,2022-04-17 20:47:00+0000,2022-04-18 05:05:00+0000,50,
2022-04-19,108,335,10,2022-04-18 21:05:00+0000,2022-04-19 04:58:00+0000,20,
2022-04-20,107,217,19,2022-04-19 21:21:00+0000,2022-04-20 04:49:00+0000,105,
2022-04-21,103,358,28,2022-04-20 20:33:00+0000,2022-04-21 05:05:00+0000,23,
2022-04-22,126,168,0,2022-04-21 20:37:00+0000,2022-04-22 03:08:00+0000,97,
2022-04-23,128,157,0,2022-04-22 21:48:00+0000,2022-04-23 04:03:00+0000,90,
2022-04-24,72,280,0,2022-04-23 21:45:00+0000,2022-04-24 04:02:00+0000,25,
2022-04-25,116,254,9,2022-04-24 21:17:00+0000,2022-04-25 05:13:00+0000,97,
2022-04-26,154,247,7,2022-04-25 20:52:00+0000,2022-04-26 05:10:00+0000,90,
2022-04-27,145,202,12,2022-04-26 21:14:00+0000,2022-04-27 04:57:00+0000,104,
2022-04-28,162,168,0,2022-04-27 21:05:00+0000,2022-04-28 04:06:00+0000,91,
2022-04-29,160,222,10,2022-04-28 21:00:00+0000,2022-04-29 05:00:00+0000,88,
2022-04-30,111,224,12,2022-04-29 21:58:00+0000,2022-04-30 05:15:00+0000,90,
2022-05-01,133,252,13,2022-04-30 21:01:00+0000,2022-05-01 05:18:00+0000,99,
2022-05-02,52,203,23,2022-05-01 21:44:00+0000,2022-05-02 04:05:00+0000,103,
2022-05-03,156,270,12,2022-05-02 21:51:00+0000,2022-05-03 05:09:00+0000,0,
2022-05-04,173,162,14,2022-05-03 21:33:00+0000,2022-05-04 04:59:00+0000,97,
2022-05-05,101,274,12,2022-05-04 21:53:00+0000,2022-05-05 05:05:00+0000,45,
2022-05-06,100,307,10,2022-05-05 20:43:00+0000,2022-05-06 05:05:00+0000,85,
2022-05-07,91,247,11,2022-05-06 21:50:00+0000,2022-05-07 05:28:00+0000,109,
2022-05-08,159,200,10,2022-05-07 21:23:00+0000,2022-05-08 04:59:00+0000,87,
2022-05-09,62,195,19,2022-05-08 21:41:00+0000,2022-05-09 04:03:00+0000,106,
2022-05-10,107,302,10,2022-05-09 21:42:00+0000,2022-05-10 05:01:00+0000,20,
2022-05-11,74,234,0,2022-05-10 22:11:00+0000,2022-05-11 04:07:00+0000,48,
2022-05-12,117,213,9,2022-05-11 21:48:00+0000,2022-05-12 05:05:00+0000,98,
2022-05-13,89,266,0,2022-05-12 21:51:00+0000,2022-05-13 04:05:00+0000,19,
2022-05-14,96,248,10,2022-05-13 22:08:00+0000,2022-05-14 04:59:00+0000,57,
2022-05-15,79,197,0,2022-05-14 22:10:00+0000,2022-05-15 04:05:00+0000,79,
2022-05-16,164,157,11,2022-05-15 21:10:00+0000,2022-05-16 04:06:00+0000,84,
2022-05-17,120,267,10,2022-05-16 20:40:00+0000,2022-05-17 04:55:00+0000,98,
2022-05-18,168,139,0,2022-05-17 21:38:00+0000,2022-05-18 04:05:00+0000,80,
2022-05-19,64,282,0,2022-05-18 21:24:00+0000,2022-05-19 04:09:00+0000,59,"[{\"start\":\"2022-01-08 00:44:03+0000\",\"end\":\"2022-01-08 00:44:48+0000\"}]"
2022-05-20,0,368,11,2022-05-19 21:16:00+0000,2022-05-20 05:09:00+0000,94,
2022-05-21,119,237,14,2022-05-20 21:33:00+0000,2022-05-21 04:58:00+0000,75,
2022-05-22,0,382,9,2022-05-21 21:14:00+0000,2022-05-22 05:02:00+0000,77,
2022-05-23,83,246,11,2022-05-22 21:49:00+0000,2022-05-23 05:00:00+0000,91,
2022-05-24,64,179,46,2022-05-23 22:28:00+0000,2022-05-24 05:09:00+0000,112,
2022-05-25,80,308,11,2022-05-24 21:53:00+0000,2022-05-25 05:03:00+0000,31,
2022-05-26,59,271,6,2022-05-25 21:27:00+0000,2022-05-26 04:06:00+0000,63,
2022-05-27,76,95,180,2022-05-26 21:54:00+0000,2022-05-27 04:18:00+0000,33,
2022-05-28,82,256,11,2022-05-27 22:14:00+0000,2022-05-28 05:16:00+0000,73,
2022-05-29,0,313,12,2022-05-28 22:14:00+0000,2022-05-29 05:08:00+0000,89,
2022-05-30,126,248,0,2022-05-29 21:30:00+0000,2022-05-30 04:08:00+0000,24,
2022-05-31,79,273,0,2022-05-30 21:23:00+0000,2022-05-31 04:03:00+0000,48,
2022-06-01,142,171,12,2022-05-31 21:43:00+0000,2022-06-01 04:49:00+0000,101,
2022-06-02,99,328,8,2022-06-01 20:33:00+0000,2022-06-02 04:08:00+0000,20,
2022-06-03,130,228,0,2022-06-02 21:51:00+0000,2022-06-03 04:11:00+0000,22,
2022-06-04,68,305,11,2022-06-03 20:44:00+0000,2022-06-04 05:00:00+0000,112,
2022-06-05,150,235,10,2022-06-04 21:14:00+0000,2022-06-05 05:02:00+0000,73,
2022-06-06,0,433,16,2022-06-05 21:18:00+0000,2022-06-06 05:04:00+0000,17,
2022-06-07,80,236,0,2022-06-06 21:19:00+0000,2022-06-07 04:08:00+0000,93,
2022-06-08,14,337,0,2022-06-07 22:15:00+0000,2022-06-08 04:11:00+0000,5,
2022-06-09,0,313,0,2022-06-08 21:14:00+0000,2022-06-09 04:05:00+0000,98,
2022-06-10,177,243,0,2022-06-09 20:54:00+0000,2022-06-10 04:07:00+0000,13,
2022-06-11,96,243,0,2022-06-10 21:31:00+0000,2022-06-11 04:07:00+0000,57,
2022-06-12,99,216,6,2022-06-11 21:34:00+0000,2022-06-12 04:06:00+0000,71,
2022-06-13,0,348,0,2022-06-12 20:50:00+0000,2022-06-13 04:03:00+0000,85,
2022-06-14,95,277,12,2022-06-13 21:40:00+0000,2022-06-14 04:52:00+0000,48,
2022-06-15,88,283,0,2022-06-14 20:34:00+0000,2022-06-15 03:43:00+0000,58,
2022-06-16,127,195,11,2022-06-15 21:51:00+0000,2022-06-16 04:58:00+0000,94,
2022-06-17,158,155,0,2022-06-16 21:21:00+0000,2022-06-17 04:02:00+0000,88,
2022-06-18,106,318,11,2022-06-17 21:14:00+0000,2022-06-18 05:03:00+0000,34,
2022-06-19,172,194,8,2022-06-18 21:48:00+0000,2022-06-19 05:01:00+0000,59,
2022-06-20,0,365,10,2022-06-19 21:02:00+0000,2022-06-20 05:01:00+0000,104,
2022-06-21,98,296,10,2022-06-20 21:24:00+0000,2022-06-21 05:06:00+0000,58,
2022-06-22,92,256,13,2022-06-21 21:35:00+0000,2022-06-22 05:00:00+0000,84,
2022-06-23,29,295,11,2022-06-22 21:53:00+0000,2022-06-23 05:03:00+0000,95,
2022-06-24,0,258,0,2022-06-23 22:25:00+0000,2022-06-24 04:05:00+0000,82,
2022-06-25,42,311,10,2022-06-24 21:51:00+0000,2022-06-25 05:34:00+0000,100,
2022-06-26,0,344,12,2022-06-25 22:04:00+0000,2022-06-26 05:10:00+0000,70,
2022-06-27,44,312,10,2022-06-26 21:45:00+0000,2022-06-27 04:57:00+0000,66,
2022-06-28,130,191,15,2022-06-27 21:33:00+0000,2022-06-28 04:46:00+0000,97,
2022-06-29,99,294,10,2022-06-28 21:06:00+0000,2022-06-29 04:08:00+0000,19,
2022-06-30,85,237,0,2022-06-29 21:03:00+0000,2022-06-30 03:46:00+0000,81,
2022-07-01,75,293,0,2022-06-30 21:34:00+0000,2022-07-01 04:06:00+0000,24,
2022-07-02,118,235,8,2022-07-01 21:01:00+0000,2022-07-02 04:48:00+0000,106,
2022-07-03,112,256,8,2022-07-02 20:58:00+0000,2022-07-03 04:34:00+0000,80,
2022-07-04,58,123,0,2022-07-03 22:04:00+0000,2022-07-04 01:33:00+0000,28,
2022-07-05,106,188,7,2022-07-04 21:58:00+0000,2022-07-05 04:33:00+0000,94,
2022-07-06,94,227,0,2022-07-05 21:34:00+0000,2022-07-06 03:58:00+0000,63,
2022-07-07,0,332,0,2022-07-06 21:27:00+0000,2022-07-07 04:33:00+0000,94,
2022-07-08,94,196,0,2022-07-07 22:03:00+0000,2022-07-08 04:33:00+0000,100,"[{\"start\":\"2022-01-08 00:45:53+0000\",\"end\":\"2022-01-08 00:46:33+0000\"},{\"start\":\"2022-01-08 00:46:34+0000\",\"end\":\"2022-01-08 00:46:42+0000\"},{\"start\":\"2022-01-08 00:46:43+0000\",\"end\":\"2022-01-08 00:47:23+0000\"}]"
2022-07-09,0,0,0,2022-07-09 22:00:00+0000,2022-07-09 22:00:00+0000,0,
2022-07-10,0,335,1,2022-07-09 21:57:00+0000,2022-07-10 04:35:00+0000,62,
2022-07-11,45,287,0,2022-07-10 21:47:00+0000,2022-07-11 04:37:00+0000,78,
2022-07-12,0,322,0,2022-07-11 21:29:00+0000,2022-07-12 04:32:00+0000,101,
2022-07-13,37,282,1,2022-07-12 21:22:00+0000,2022-07-13 04:33:00+0000,111,
2022-07-14,87,249,0,2022-07-13 21:23:00+0000,2022-07-14 04:35:00+0000,96,
2022-07-15,20,319,1,2022-07-14 21:20:00+0000,2022-07-15 04:18:00+0000,78,
2022-07-16,0,341,0,2022-07-15 21:29:00+0000,2022-07-16 04:33:00+0000,83,
2022-07-17,0,310,0,2022-07-16 21:40:00+0000,2022-07-17 04:05:00+0000,75,
2022-07-18,70,202,2,2022-07-17 21:59:00+0000,2022-07-18 04:06:00+0000,93,
2022-07-19,0,372,10,2022-07-18 21:43:00+0000,2022-07-19 04:52:00+0000,47,
2022-07-20,0,366,8,2022-07-19 21:36:00+0000,2022-07-20 04:52:00+0000,62,
2022-07-21,121,192,0,2022-07-20 21:20:00+0000,2022-07-21 03:57:00+0000,84,
2022-07-22,127,224,0,2022-07-21 21:25:00+0000,2022-07-22 04:03:00+0000,47,
2022-07-23,88,268,8,2022-07-22 21:28:00+0000,2022-07-23 04:33:00+0000,61,
2022-07-24,139,203,1,2022-07-23 21:39:00+0000,2022-07-24 04:36:00+0000,74,
2022-07-25,0,395,0,2022-07-24 21:18:00+0000,2022-07-25 04:33:00+0000,40,
2022-07-26,71,247,0,2022-07-25 21:14:00+0000,2022-07-26 03:47:00+0000,75,
2022-07-27,82,284,3,2022-07-26 20:46:00+0000,2022-07-27 04:36:00+0000,101,
2022-07-28,0,374,1,2022-07-27 21:17:00+0000,2022-07-28 04:36:00+0000,64,
2022-07-29,110,256,5,2022-07-28 20:46:00+0000,2022-07-29 04:35:00+0000,98,
2022-07-30,66,306,0,2022-07-29 21:07:00+0000,2022-07-30 04:04:00+0000,45,
2022-07-31,0,365,8,2022-07-30 20:57:00+0000,2022-07-31 04:42:00+0000,92,
2022-08-01,129,241,4,2022-07-31 20:31:00+0000,2022-08-01 04:05:00+0000,80,
2022-08-02,40,299,0,2022-08-01 21:07:00+0000,2022-08-02 04:05:00+0000,79,
2022-08-03,0,338,0,2022-08-02 21:13:00+0000,2022-08-03 04:05:00+0000,74,
2022-08-04,66,328,0,2022-08-03 21:22:00+0000,2022-08-04 04:08:00+0000,12,
2022-08-05,0,377,14,2022-08-04 20:44:00+0000,2022-08-05 04:49:00+0000,94,
2022-08-06,59,225,46,2022-08-05 21:09:00+0000,2022-08-06 04:59:00+0000,140,
2022-08-07,0,409,0,2022-08-06 20:59:00+0000,2022-08-07 04:35:00+0000,47,
2022-08-08,76,261,0,2022-08-07 21:23:00+0000,2022-08-08 04:35:00+0000,95,
2022-08-09,100,249,10,2022-08-08 21:30:00+0000,2022-08-09 05:11:00+0000,102,
2022-08-10,0,377,0,2022-08-09 21:42:00+0000,2022-08-10 04:30:00+0000,31,
2022-08-11,0,313,0,2022-08-10 21:18:00+0000,2022-08-11 03:46:00+0000,75,
2022-08-12,0,374,0,2022-08-11 21:12:00+0000,2022-08-12 04:36:00+0000,70,
2022-08-13,106,175,10,2022-08-12 20:49:00+0000,2022-08-13 02:27:00+0000,47,
2022-08-14,23,323,0,2022-08-13 20:50:00+0000,2022-08-14 04:32:00+0000,116,
2022-08-15,0,326,6,2022-08-14 21:20:00+0000,2022-08-15 04:34:00+0000,102,
2022-08-16,0,375,0,2022-08-15 20:28:00+0000,2022-08-16 04:34:00+0000,111,
2022-08-17,41,258,0,2022-08-16 21:38:00+0000,2022-08-17 04:35:00+0000,118,
2022-08-18,0,379,21,2022-08-17 20:44:00+0000,2022-08-18 04:58:00+0000,94,
2022-08-19,0,388,12,2022-08-18 21:21:00+0000,2022-08-19 05:09:00+0000,68,
2022-08-20,0,372,9,2022-08-19 21:15:00+0000,2022-08-20 04:59:00+0000,83,
2022-08-21,133,242,10,2022-08-20 20:56:00+0000,2022-08-21 04:54:00+0000,93,
2022-08-22,121,279,10,2022-08-21 21:05:00+0000,2022-08-22 05:12:00+0000,77,
2022-08-23,0,361,0,2022-08-22 21:12:00+0000,2022-08-23 04:38:00+0000,85,
2022-08-24,56,351,19,2022-08-23 20:48:00+0000,2022-08-24 05:04:00+0000,70,
2022-08-25,0,367,10,2022-08-24 21:31:00+0000,2022-08-25 04:35:00+0000,47,
2022-08-26,0,373,9,2022-08-25 21:11:00+0000,2022-08-26 05:04:00+0000,91,
2022-08-27,80,301,1,2022-08-26 20:46:00+0000,2022-08-27 04:31:00+0000,83,
2022-08-28,0,359,10,2022-08-27 21:54:00+0000,2022-08-28 05:29:00+0000,86,
2022-08-29,0,321,0,2022-08-28 21:35:00+0000,2022-08-29 04:35:00+0000,99,
2022-08-30,0,32,0,2022-08-29 21:25:00+0000,2022-08-29 22:06:00+0000,9,
2022-08-31,0,338,0,2022-08-30 21:22:00+0000,2022-08-31 04:35:00+0000,95,
2022-09-01,0,336,0,2022-08-31 21:30:00+0000,2022-09-01 04:37:00+0000,91,
2022-09-02,0,360,9,2022-09-01 21:13:00+0000,2022-09-02 04:57:00+0000,95,
2022-09-03,0,434,10,2022-09-02 20:26:00+0000,2022-09-03 05:03:00+0000,73,
2022-09-04,187,229,18,2022-09-03 20:46:00+0000,2022-09-04 05:13:00+0000,73,
2022-09-05,49,295,0,2022-09-04 22:27:00+0000,2022-09-05 05:20:00+0000,69,
2022-09-06,0,369,15,2022-09-05 21:19:00+0000,2022-09-06 05:09:00+0000,86,
2022-09-07,84,286,0,2022-09-06 21:27:00+0000,2022-09-07 04:18:00+0000,41,
2022-09-08,82,250,26,2022-09-07 21:15:00+0000,2022-09-08 05:16:00+0000,123,
2022-09-09,30,127,129,2022-09-08 21:29:00+0000,2022-09-09 04:51:00+0000,156,
2022-09-10,0,371,11,2022-09-09 21:17:00+0000,2022-09-10 05:20:00+0000,101,
2022-09-11,108,283,9,2022-09-10 21:20:00+0000,2022-09-11 05:29:00+0000,89,
2022-09-12,0,147,0,2022-09-12 01:17:00+0000,2022-09-12 04:20:00+0000,36,
2022-09-13,40,334,12,2022-09-12 20:20:00+0000,2022-09-13 04:47:00+0000,121,
2022-09-14,0,368,16,2022-09-13 21:11:00+0000,2022-09-14 04:49:00+0000,74,
2022-09-15,0,386,11,2022-09-14 21:22:00+0000,2022-09-15 05:23:00+0000,84,
2022-09-16,102,220,13,2022-09-15 21:17:00+0000,2022-09-16 05:03:00+0000,131,
2022-09-17,30,454,0,2022-09-16 20:40:00+0000,2022-09-17 05:08:00+0000,24,
2022-09-18,0,400,9,2022-09-17 21:13:00+0000,2022-09-18 05:19:00+0000,77,
2022-09-19,0,378,13,2022-09-18 21:19:00+0000,2022-09-19 04:57:00+0000,67,"[{\"start\":\"2022-01-08 00:43:25+0000\",\"end\":\"2022-01-08 00:43:39+0000\"},{\"start\":\"2022-01-08 00:43:40+0000\",\"end\":\"2022-01-08 00:44:07+0000\"},{\"start\":\"2022-01-08 00:44:08+0000\",\"end\":\"2022-01-08 00:44:38+0000\"}]"
2022-09-20,0,351,10,2022-09-19 21:52:00+0000,2022-09-20 05:06:00+0000,73,
2022-09-21,82,255,0,2022-09-20 21:39:00+0000,2022-09-21 04:20:00+0000,64,
2022-09-22,95,253,0,2022-09-21 21:00:00+0000,2022-09-22 04:19:00+0000,91,
2022-09-23,110,250,10,2022-09-22 21:10:00+0000,2022-09-23 05:25:00+0000,125,
2022-09-24,0,363,10,2022-09-23 22:07:00+0000,2022-09-24 05:14:00+0000,54,
2022-09-25,0,394,12,2022-09-24 21:29:00+0000,2022-09-25 05:23:00+0000,68,
2022-09-26,211,199,17,2022-09-25 20:43:00+0000,2022-09-26 05:07:00+0000,77,
2022-09-27,0,324,12,2022-09-26 21:46:00+0000,2022-09-27 05:09:00+0000,107,
2022-09-28,70,219,0,2022-09-27 22:21:00+0000,2022-09-28 04:20:00+0000,70,
2022-09-29,0,332,10,2022-09-28 21:57:00+0000,2022-09-29 05:06:00+0000,87,
2022-09-30,0,365,10,2022-09-29 21:06:00+0000,2022-09-30 04:49:00+0000,88,
2022-10-01,47,331,22,2022-09-30 21:07:00+0000,2022-10-01 05:13:00+0000,86,
2022-10-02,0,400,9,2022-10-01 21:28:00+0000,2022-10-02 05:30:00+0000,73,
2022-10-03,130,235,10,2022-10-02 21:50:00+0000,2022-10-03 05:18:00+0000,73,
2022-10-04,0,365,0,2022-10-03 21:18:00+0000,2022-10-04 04:19:00+0000,56,
2022-10-05,66,225,0,2022-10-04 21:10:00+0000,2022-10-05 02:25:00+0000,24,
2022-10-06,61,263,12,2022-10-05 21:50:00+0000,2022-10-06 05:13:00+0000,107,
2022-10-07,0,415,10,2022-10-06 21:55:00+0000,2022-10-07 05:24:00+0000,24,
2022-10-08,57,73,0,2022-10-07 21:42:00+0000,2022-10-08 00:24:00+0000,32,
2022-10-09,166,188,16,2022-10-08 22:26:00+0000,2022-10-09 05:47:00+0000,71,
2022-10-10,128,250,11,2022-10-09 21:32:00+0000,2022-10-10 05:15:00+0000,74,
2022-10-11,116,228,12,2022-10-10 21:57:00+0000,2022-10-11 05:04:00+0000,71,
2022-10-12,0,252,10,2022-10-11 22:12:00+0000,2022-10-12 03:30:00+0000,56,
2022-10-13,0,359,9,2022-10-12 21:49:00+0000,2022-10-13 05:17:00+0000,80,
2022-10-14,0,372,18,2022-10-13 21:52:00+0000,2022-10-14 05:09:00+0000,47,
2022-10-15,0,336,17,2022-10-14 21:22:00+0000,2022-10-15 05:05:00+0000,110,
2022-10-16,158,169,0,2022-10-15 21:44:00+0000,2022-10-16 04:18:00+0000,67,
2022-10-17,40,310,13,2022-10-16 21:30:00+0000,2022-10-17 05:03:00+0000,90,
2022-10-18,217,146,15,2022-10-17 21:40:00+0000,2022-10-18 05:32:00+0000,94,
2022-10-19,117,260,10,2022-10-18 21:14:00+0000,2022-10-19 05:04:00+0000,83,
2022-10-20,0,394,13,2022-10-19 21:35:00+0000,2022-10-20 05:12:00+0000,50,
2022-10-21,0,336,11,2022-10-20 21:57:00+0000,2022-10-21 04:59:00+0000,75,
2022-10-22,101,341,10,2022-10-21 21:10:00+0000,2022-10-22 05:29:00+0000,47,
2022-10-23,3,74,0,2022-10-22 21:32:00+0000,2022-10-22 23:12:00+0000,23,
2022-10-24,0,363,12,2022-10-23 21:45:00+0000,2022-10-24 05:08:00+0000,68,
2022-10-25,0,290,0,2022-10-24 22:07:00+0000,2022-10-25 04:05:00+0000,68,
2022-10-26,0,416,10,2022-10-25 21:04:00+0000,2022-10-26 05:13:00+0000,63,
2022-10-27,134,259,10,2022-10-26 21:34:00+0000,2022-10-27 05:07:00+0000,50,
2022-10-28,118,163,93,2022-10-27 21:30:00+0000,2022-10-28 05:05:00+0000,81,
2022-10-29,0,353,18,2022-10-28 21:54:00+0000,2022-10-29 05:25:00+0000,80,
2022-10-30,72,306,37,2022-10-29 21:52:00+0000,2022-10-30 05:48:00+0000,61,
2022-10-31,0,334,17,2022-10-30 22:11:00+0000,2022-10-31 05:38:00+0000,96,
2022-11-01,118,257,11,2022-10-31 22:17:00+0000,2022-11-01 05:56:00+0000,73,
2022-11-02,0,348,11,2022-11-01 22:53:00+0000,2022-11-02 05:55:00+0000,63,
2022-11-03,0,321,8,2022-11-02 22:16:00+0000,2022-11-03 04:53:00+0000,68,
2022-11-04,69,235,10,2022-11-03 22:09:00+0000,2022-11-04 05:05:00+0000,102,
2022-11-05,0,413,11,2022-11-04 21:34:00+0000,2022-11-05 06:02:00+0000,84,
2022-11-06,0,399,9,2022-11-05 22:44:00+0000,2022-11-06 06:15:00+0000,43,
2022-11-07,0,328,17,2022-11-06 22:57:00+0000,2022-11-07 06:14:00+0000,92,
2022-11-08,0,353,19,2022-11-07 22:42:00+0000,2022-11-08 06:23:00+0000,89,
2022-11-09,117,217,24,2022-11-08 22:12:00+0000,2022-11-09 05:55:00+0000,105,
2022-11-10,66,370,12,2022-11-09 21:49:00+0000,2022-11-10 06:05:00+0000,48,
2022-11-11,0,348,19,2022-11-10 22:21:00+0000,2022-11-11 06:04:00+0000,96,
2022-11-12,0,338,11,2022-11-11 23:08:00+0000,2022-11-12 06:34:00+0000,97,
2022-11-13,45,315,9,2022-11-12 23:09:00+0000,2022-11-13 06:10:00+0000,52,
2022-11-14,0,352,20,2022-11-13 22:28:00+0000,2022-11-14 06:00:00+0000,80,
2022-11-15,70,267,10,2022-11-14 23:17:00+0000,2022-11-15 06:30:00+0000,86,
2022-11-16,115,206,10,2022-11-15 23:11:00+0000,2022-11-16 06:10:00+0000,88,
2022-11-17,73,238,6,2022-11-16 22:22:00+0000,2022-11-17 05:07:00+0000,88,
2022-11-18,0,326,0,2022-11-17 22:37:00+0000,2022-11-18 05:05:00+0000,62,
2022-11-19,115,257,11,2022-11-18 22:32:00+0000,2022-11-19 06:22:00+0000,87,
2022-11-20,0,358,9,2022-11-19 23:20:00+0000,2022-11-20 06:37:00+0000,70,
2022-11-21,66,261,0,2022-11-20 21:54:00+0000,2022-11-21 05:02:00+0000,101,
2022-11-22,0,297,0,2022-11-21 22:39:00+0000,2022-11-22 05:05:00+0000,89,
2022-11-23,0,433,9,2022-11-22 21:34:00+0000,2022-11-23 06:12:00+0000,76,
2022-11-24,104,215,11,2022-11-23 21:50:00+0000,2022-11-24 05:11:00+0000,111,
2022-11-25,0,449,19,2022-11-24 22:24:00+0000,2022-11-25 06:12:00+0000,0,
2022-11-26,0,317,0,2022-11-25 22:19:00+0000,2022-11-26 05:00:00+0000,84,
2022-11-27,0,317,10,2022-11-26 22:04:00+0000,2022-11-27 05:05:00+0000,94,
2022-11-28,0,404,10,2022-11-27 22:44:00+0000,2022-11-28 06:07:00+0000,29,
2022-11-29,0,343,9,2022-11-28 22:45:00+0000,2022-11-29 06:20:00+0000,103,
2022-11-30,68,242,1,2022-11-29 22:43:00+0000,2022-11-30 05:03:00+0000,69,
2022-12-01,0,362,11,2022-11-30 22:54:00+0000,2022-12-01 05:50:00+0000,43,
2022-12-02,0,403,19,2022-12-01 22:32:00+0000,2022-12-02 05:39:00+0000,5,
2022-12-03,0,410,9,2022-12-02 22:04:00+0000,2022-12-03 06:31:00+0000,88,
2022-12-04,0,296,0,2022-12-03 22:58:00+0000,2022-12-04 04:59:00+0000,65,
2022-12-05,0,346,0,2022-12-04 22:02:00+0000,2022-12-05 05:03:00+0000,75,
2022-12-06,0,331,0,2022-12-05 22:15:00+0000,2022-12-06 05:03:00+0000,77,
2022-12-07,81,269,0,2022-12-06 22:09:00+0000,2022-12-07 05:06:00+0000,67,
2022-12-08,0,353,0,2022-12-07 22:31:00+0000,2022-12-08 05:03:00+0000,39,
2022-12-09,0,303,0,2022-12-08 22:15:00+0000,2022-12-09 03:52:00+0000,34,
2022-12-10,0,357,0,2022-12-09 21:38:00+0000,2022-12-10 04:40:00+0000,65,
2022-12-11,0,374,0,2022-12-10 21:32:00+0000,2022-12-11 05:02:00+0000,76,
2022-12-12,0,334,12,2022-12-11 21:27:00+0000,2022-12-12 05:06:00+0000,113,
2022-12-13,0,339,0,2022-12-12 21:53:00+0000,2022-12-13 05:03:00+0000,91,
2022-12-14,73,295,0,2022-12-13 21:35:00+0000,2022-12-14 05:10:00+0000,87,
2022-12-15,0,343,9,2022-12-14 21:59:00+0000,2022-12-15 05:10:00+0000,79,
2022-12-16,0,449,9,2022-12-15 21:26:00+0000,2022-12-16 05:56:00+0000,52,
2022-12-17,0,375,11,2022-12-16 21:56:00+0000,2022-12-17 06:13:00+0000,111,
2022-12-18,52,378,11,2022-12-17 21:38:00+0000,2022-12-18 06:11:00+0000,72,
2022-12-19,160,166,11,2022-12-18 21:50:00+0000,2022-12-19 05:08:00+0000,101,
2022-12-20,0,322,1,2022-12-19 22:27:00+0000,2022-12-20 05:10:00+0000,80,
2022-12-21,96,284,8,2022-12-20 21:21:00+0000,2022-12-21 05:14:00+0000,85,
2022-12-22,53,243,48,2022-12-21 22:03:00+0000,2022-12-22 06:01:00+0000,134,
2022-12-23,0,344,2,2022-12-22 21:23:00+0000,2022-12-23 05:07:00+0000,118,
2022-12-24,163,213,17,2022-12-23 22:00:00+0000,2022-12-24 06:13:00+0000,100,
2022-12-25,0,411,15,2022-12-24 21:36:00+0000,2022-12-25 06:12:00+0000,90,
2022-12-26,0,437,0,2022-12-25 21:34:00+0000,2022-12-26 05:07:00+0000,16,
2022-12-27,58,333,12,2022-12-26 22:47:00+0000,2022-12-27 06:16:00+0000,46,
2022-12-28,51,315,7,2022-12-27 21:30:00+0000,2022-12-28 05:10:00+0000,87,
2022-12-29,0,441,19,2022-12-28 21:04:00+0000,2022-12-29 06:10:00+0000,86,
2022-12-30,0,373,11,2022-12-29 22:14:00+0000,2022-12-30 06:13:00+0000,95,
2022-12-31,0,366,19,2022-12-30 22:38:00+0000,2022-12-31 06:22:00+0000,79,
2023-01-01,0,303,21,2022-12-31 23:17:00+0000,2023-01-01 06:17:00+0000,96,"[{\"start\":\"2022-01-08 00:42:22+0000\",\"end\":\"2022-01-08 00:43:09+0000\"}]"
2023-01-02,0,405,10,2023-01-01 22:21:00+0000,2023-01-02 06:10:00+0000,54,
2023-01-03,0,309,17,2023-01-02 22:59:00+0000,2023-01-03 05:55:00+0000,90,
2023-01-04,32,382,12,2023-01-03 22:22:00+0000,2023-01-04 06:16:00+0000,48,
2023-01-05,0,409,16,2023-01-04 21:40:00+0000,2023-01-05 06:25:00+0000,100,
2023-01-06,0,410,10,2023-01-05 22:31:00+0000,2023-01-06 06:38:00+0000,67,
2023-01-07,120,226,12,2023-01-06 23:08:00+0000,2023-01-07 06:39:00+0000,93,
2023-01-08,0,324,0,2023-01-07 23:24:00+0000,2023-01-08 05:52:00+0000,64,
2023-01-09,94,222,11,2023-01-08 22:48:00+0000,2023-01-09 06:21:00+0000,126,
2023-01-10,135,251,19,2023-01-09 21:50:00+0000,2023-01-10 06:22:00+0000,107,
2023-01-11,0,324,2,2023-01-10 22:12:00+0000,2023-01-11 05:08:00+0000,90,
2023-01-12,0,34,0,2023-01-11 22:15:00+0000,2023-01-11 23:06:00+0000,17,
2023-01-13,142,241,9,2023-01-12 22:31:00+0000,2023-01-13 06:28:00+0000,85,
2023-01-14,142,270,10,2023-01-13 22:25:00+0000,2023-01-14 06:55:00+0000,88,
2023-01-15,0,299,0,2023-01-14 22:05:00+0000,2023-01-15 03:04:00+0000,0,
2023-01-16,0,336,10,2023-01-15 22:52:00+0000,2023-01-16 06:10:00+0000,92,
2023-01-17,0,373,17,2023-01-16 21:50:00+0000,2023-01-17 06:13:00+0000,113,
2023-01-18,0,359,18,2023-01-17 22:25:00+0000,2023-01-18 06:21:00+0000,99,
2023-01-19,0,314,8,2023-01-18 22:34:00+0000,2023-01-19 05:10:00+0000,74,
2023-01-20,0,303,0,2023-01-19 22:02:00+0000,2023-01-20 04:13:00+0000,68,
2023-01-21,127,252,12,2023-01-20 22:24:00+0000,2023-01-21 06:19:00+0000,84,
2023-01-22,0,332,0,2023-01-21 23:15:00+0000,2023-01-22 05:51:00+0000,64,
2023-01-23,0,451,11,2023-01-22 21:21:00+0000,2023-01-23 06:20:00+0000,77,
2023-01-24,0,337,0,2023-01-23 22:29:00+0000,2023-01-24 05:10:00+0000,64,
2023-01-25,0,384,9,2023-01-24 22:10:00+0000,2023-01-25 06:10:00+0000,87,
2023-01-26,0,329,3,2023-01-25 21:58:00+0000,2023-01-26 05:10:00+0000,100,
2023-01-27,122,225,9,2023-01-26 22:50:00+0000,2023-01-27 06:05:00+0000,79,
2023-01-28,35,361,10,2023-01-27 22:31:00+0000,2023-01-28 07:04:00+0000,107,
2023-01-29,0,384,9,2023-01-28 23:04:00+0000,2023-01-29 06:49:00+0000,72,
2023-01-30,124,284,17,2023-01-29 21:27:00+0000,2023-01-30 06:15:00+0000,103,
2023-01-31,115,224,0,2023-01-30 21:54:00+0000,2023-01-31 05:10:00+0000,97,
2023-02-01,136,288,10,2023-01-31 22:53:00+0000,2023-02-01 06:18:00+0000,11,
2023-02-02,118,306,10,2023-02-01 22:34:00+0000,2023-02-02 06:14:00+0000,26,
2023-02-03,0,393,9,2023-02-02 21:49:00+0000,2023-02-03 06:21:00+0000,110,
2023-02-04,0,432,10,2023-02-03 22:31:00+0000,2023-02-04 06:40:00+0000,47,
2023-02-05,120,274,9,2023-02-04 22:25:00+0000,2023-02-05 06:28:00+0000,80,
2023-02-06,79,276,16,2023-02-05 21:52:00+0000,2023-02-06 06:28:00+0000,145,
2023-02-07,0,417,10,2023-02-06 23:19:00+0000,2023-02-07 06:37:00+0000,11,
2023-02-08,53,260,0,2023-02-07 22:34:00+0000,2023-02-08 04:47:00+0000,60,
2023-02-09,0,312,0,2023-02-08 22:19:00+0000,2023-02-09 04:57:00+0000,86,
2023-02-10,106,290,0,2023-02-09 22:23:00+0000,2023-02-10 05:10:00+0000,11,
2023-02-11,0,401,11,2023-02-10 22:29:00+0000,2023-02-11 06:39:00+0000,78,
2023-02-12,139,259,12,2023-02-11 21:49:00+0000,2023-02-12 06:26:00+0000,107,
2023-02-13,0,369,10,2023-02-12 22:37:00+0000,2023-02-13 06:19:00+0000,83,
2023-02-14,102,255,12,2023-02-13 22:29:00+0000,2023-02-14 06:28:00+0000,110,
2023-02-15,0,315,0,2023-02-14 22:26:00+0000,2023-02-15 05:10:00+0000,89,
2023-02-16,0,346,9,2023-02-15 22:11:00+0000,2023-02-16 05:38:00+0000,92,
2023-02-17,0,332,18,2023-02-16 22:30:00+0000,2023-02-17 05:40:00+0000,80,
2023-02-18,80,244,0,2023-02-17 22:32:00+0000,2023-02-18 05:10:00+0000,74,
2023-02-19,134,279,10,2023-02-18 22:14:00+0000,2023-02-19 06:30:00+0000,73,
2023-02-20,52,335,0,2023-02-19 22:21:00+0000,2023-02-20 05:10:00+0000,22,
2023-02-21,80,243,0,2023-02-20 22:55:00+0000,2023-02-21 05:10:00+0000,52,
2023-02-22,0,464,19,2023-02-21 22:11:00+0000,2023-02-22 06:20:00+0000,6,
2023-02-23,0,416,2,2023-02-22 22:12:00+0000,2023-02-23 05:10:00+0000,0,
2023-02-24,0,305,11,2023-02-23 22:59:00+0000,2023-02-24 05:40:00+0000,85,
2023-02-25,97,234,0,2023-02-24 21:58:00+0000,2023-02-25 04:38:00+0000,69,
2023-02-26,103,270,10,2023-02-25 22:34:00+0000,2023-02-26 06:23:00+0000,86,
2023-02-27,0,366,10,2023-02-26 22:37:00+0000,2023-02-27 06:28:00+0000,95,
2023-02-28,85,297,11,2023-02-27 23:06:00+0000,2023-02-28 06:24:00+0000,45,
2023-03-01,0,299,23,2023-02-28 23:19:00+0000,2023-03-01 06:24:00+0000,103,
2023-03-02,62,300,13,2023-03-01 23:16:00+0000,2023-03-02 06:17:00+0000,46,
2023-03-03,114,319,8,2023-03-02 22:21:00+0000,2023-03-03 06:26:00+0000,44,
2023-03-04,54,323,7,2023-03-03 22:14:00+0000,2023-03-04 06:29:00+0000,111,
2023-03-05,67,337,12,2023-03-04 22:55:00+0000,2023-03-05 06:34:00+0000,43,
2023-03-06,0,320,0,2023-03-05 22:17:00+0000,2023-03-06 05:10:00+0000,93,
2023-03-07,104,235,12,2023-03-06 22:44:00+0000,2023-03-07 06:24:00+0000,109,
2023-03-08,59,373,21,2023-03-07 22:30:00+0000,2023-03-08 06:21:00+0000,18,
2023-03-09,0,370,11,2023-03-08 23:06:00+0000,2023-03-09 06:28:00+0000,61,
2023-03-10,65,64,0,2023-03-09 22:08:00+0000,2023-03-10 00:54:00+0000,37,
2023-03-11,0,424,12,2023-03-10 22:46:00+0000,2023-03-11 06:25:00+0000,23,
2023-03-12,114,284,20,2023-03-11 22:42:00+0000,2023-03-12 06:18:00+0000,38,
2023-03-13,0,315,0,2023-03-12 23:25:00+0000,2023-03-13 05:10:00+0000,30,
2023-03-14,160,187,10,2023-03-13 23:21:00+0000,2023-03-14 06:10:00+0000,52,
2023-03-15,111,220,9,2023-03-14 22:50:00+0000,2023-03-15 06:20:00+0000,110,
2023-03-16,0,150,0,2023-03-15 21:38:00+0000,2023-03-16 00:30:00+0000,22,
2023-03-17,0,343,9,2023-03-16 22:06:00+0000,2023-03-17 05:38:00+0000,100,
2023-03-18,159,242,10,2023-03-17 22:02:00+0000,2023-03-18 06:21:00+0000,88,
2023-03-19,142,206,13,2023-03-18 22:46:00+0000,2023-03-19 06:18:00+0000,91,
2023-03-20,0,365,10,2023-03-19 22:45:00+0000,2023-03-20 06:20:00+0000,80,
2023-03-21,0,352,9,2023-03-20 22:45:00+0000,2023-03-21 06:26:00+0000,100,
2023-03-22,119,238,9,2023-03-21 22:14:00+0000,2023-03-22 06:08:00+0000,108,
2023-03-23,56,367,10,2023-03-22 21:38:00+0000,2023-03-23 06:14:00+0000,83,
2023-03-24,146,242,9,2023-03-23 21:58:00+0000,2023-03-24 05:56:00+0000,81,
2023-03-25,156,236,10,2023-03-24 22:06:00+0000,2023-03-25 06:12:00+0000,84,"[{\"start\":\"2022-01-08 00:46:56+0000\",\"end\":\"2022-01-08 00:47:13+0000\"}]"
2023-03-26,0,0,0,2023-03-26 23:00:00+0000,2023-03-26 23:00:00+0000,0,
2023-03-27,118,312,25,2023-03-26 21:11:00+0000,2023-03-27 05:24:00+0000,38,
2023-03-28,96,315,21,2023-03-27 21:46:00+0000,2023-03-28 05:26:00+0000,28,
2023-03-29,94,248,2,2023-03-28 21:51:00+0000,2023-03-29 05:15:00+0000,100,
2023-03-30,142,253,1,2023-03-29 22:02:00+0000,2023-03-30 05:00:00+0000,22,
2023-03-31,96,302,0,2023-03-30 21:40:00+0000,2023-03-31 04:47:00+0000,29,
2023-04-01,90,280,21,2023-03-31 21:36:00+0000,2023-04-01 04:47:00+0000,40,
2023-04-02,0,384,13,2023-04-01 20:55:00+0000,2023-04-02 05:26:00+0000,114,
2023-04-03,89,288,6,2023-04-02 21:25:00+0000,2023-04-03 04:46:00+0000,58,
2023-04-04,86,248,9,2023-04-03 21:04:00+0000,2023-04-04 03:18:00+0000,31,
2023-04-05,95,296,11,2023-04-04 21:50:00+0000,2023-04-05 05:26:00+0000,54,
2023-04-06,111,222,1,2023-04-05 21:23:00+0000,2023-04-06 04:36:00+0000,99,
2023-04-07,139,244,6,2023-04-06 20:45:00+0000,2023-04-07 04:58:00+0000,104,
2023-04-08,126,207,121,2023-04-07 21:08:00+0000,2023-04-08 05:47:00+0000,65,
2023-04-09,106,296,0,2023-04-08 20:51:00+0000,2023-04-09 04:50:00+0000,77,
2023-04-10,217,81,142,2023-04-09 21:11:00+0000,2023-04-10 06:35:00+0000,124,
2023-04-11,125,318,1,2023-04-10 21:00:00+0000,2023-04-11 04:46:00+0000,22,
2023-04-12,72,278,0,2023-04-11 21:33:00+0000,2023-04-12 04:03:00+0000,40,
2023-04-13,119,228,0,2023-04-12 21:11:00+0000,2023-04-13 04:47:00+0000,109,
2023-04-14,100,152,6,2023-04-13 21:48:00+0000,2023-04-14 02:40:00+0000,34,
2023-04-15,106,274,0,2023-04-14 21:26:00+0000,2023-04-15 05:13:00+0000,87,
2023-04-16,93,320,0,2023-04-15 21:20:00+0000,2023-04-16 04:50:00+0000,37,
2023-04-17,30,74,0,2023-04-16 21:40:00+0000,2023-04-16 23:33:00+0000,9,
2023-04-18,93,293,0,2023-04-17 21:03:00+0000,2023-04-18 04:47:00+0000,78,
2023-04-19,110,135,0,2023-04-18 21:43:00+0000,2023-04-19 02:19:00+0000,31,
