type,startTime,sportTime(s),maxPace(/meter),minPace(/meter),distance(m),avgPace(/meter),calories(kcal)
16,2023-04-18 13:24:24+0000,479,0.0,1.800000071525574,0.0,0.0,43.0
49,2023-04-18 12:30:33+0000,2160,0.0,1.800000071525574,0.0,0.0,401.0
16,2023-04-17 11:49:53+0000,4459,0.0,1.800000071525574,0.0,0.0,588.0
49,2023-04-16 11:01:30+0000,165,0.0,1.800000071525574,0.0,0.0,30.0
16,2023-04-16 10:57:37+0000,18,0.0,1.800000071525574,0.0,0.0,1.0
16,2023-04-16 08:13:30+0000,3068,0.0,1.800000071525574,0.0,0.0,362.0
1,2023-04-16 06:52:36+0000,2869,201.0,0.201412707567215,8258.0,0.347,510.0
49,2023-04-13 14:00:06+0000,2471,0.0,1.800000071525574,0.0,0.0,404.0
49,2023-04-12 13:45:53+0000,2092,0.0,1.800000071525574,0.0,0.0,280.0
16,2023-04-11 10:24:33+0000,1704,0.0,1.800000071525574,0.0,0.0,158.0
49,2023-04-09 11:20:36+0000,1644,0.0,1.800000071525574,0.0,0.0,258.0
16,2023-04-06 10:46:45+0000,1356,0.0,1.800000071525574,0.0,0.0,133.0
49,2023-04-06 10:10:12+0000,2175,0.0,1.800000071525574,0.0,0.0,301.0
16,2023-04-04 12:47:05+0000,1431,0.0,1.800000071525574,0.0,0.0,159.0
49,2023-04-04 12:20:39+0000,1174,0.0,1.800000071525574,0.0,0.0,144.0
1,2023-04-02 07:44:08+0000,1371,189.0,0.1894065886735916,3906.0,0.35,225.0
16,2023-03-31 13:15:26+0000,1718,0.0,1.800000071525574,0.0,0.0,191.0
16,2023-03-30 12:56:21+0000,501,0.0,1.800000071525574,0.0,0.0,60.0
16,2023-03-28 12:22:30+0000,889,0.0,1.800000071525574,0.0,0.0,82.0
49,2023-03-28 11:30:03+0000,2621,0.0,1.800000071525574,0.0,0.0,397.0
16,2023-03-27 15:54:20+0000,2417,0.0,1.800000071525574,0.0,0.0,210.0
1,2023-03-25 11:33:27+0000,715,444.0,0.4448887705802917,798.0,0.895,52.0
16,2023-03-24 10:19:04+0000,3056,0.0,1.800000071525574,0.0,0.0,301.0
16,2023-03-23 13:53:59+0000,761,0.0,1.800000071525574,0.0,0.0,73.0
23,2023-03-23 13:09:43+0000,2369,0.0,1.800000071525574,0.0,0.0,306.0
16,2023-03-21 10:50:22+0000,953,0.0,1.800000071525574,0.0,0.0,85.0
49,2023-03-21 10:12:45+0000,1383,0.0,1.800000071525574,0.0,0.0,111.0
16,2023-03-20 12:49:14+0000,1908,0.0,1.800000071525574,0.0,0.0,251.0
1,2023-03-19 08:39:16+0000,1896,163.0,0.1633059531450272,4611.0,0.411,283.0
16,2023-03-17 16:13:44+0000,4149,0.0,1.800000071525574,0.0,0.0,354.0
16,2023-03-16 12:57:25+0000,2259,0.0,1.800000071525574,0.0,0.0,214.0
49,2023-03-16 12:01:04+0000,2531,0.0,1.800000071525574,0.0,0.0,415.0
16,2023-03-14 13:36:15+0000,1163,0.0,1.800000071525574,0.0,0.0,112.0
49,2023-03-14 12:38:26+0000,2162,0.0,1.800000071525574,0.0,0.0,374.0
16,2023-03-13 18:38:36+0000,4168,0.0,1.800000071525574,0.0,0.0,386.0
1,2023-03-12 20:05:24+0000,730,233.0,0.233399823307991,2019.0,0.361,127.0
1,2023-03-12 19:53:31+0000,690,228.0,0.2286247760057449,1971.0,0.349,121.0
1,2023-03-12 19:41:45+0000,685,241.0,0.2414374798536301,1961.0,0.349,112.0
1,2023-03-12 19:29:42+0000,698,201.0,0.2012183964252472,1966.0,0.354,114.0
16,2023-03-10 14:41:46+0000,4695,0.0,1.800000071525574,0.0,0.0,435.0
16,2023-03-09 14:47:33+0000,674,0.0,1.800000071525574,0.0,0.0,66.0
49,2023-03-09 14:23:56+0000,1341,0.0,1.800000071525574,0.0,0.0,193.0
16,2023-03-07 19:07:02+0000,2399,0.0,1.800000071525574,0.0,0.0,178.0
16,2023-03-06 16:52:52+0000,1801,0.0,1.800000071525574,0.0,0.0,246.0
1,2023-03-05 17:10:46+0000,2454,162.0,0.1613298654556274,6691.0,0.366,432.0
16,2023-03-03 12:49:24+0000,3203,0.0,1.800000071525574,0.0,0.0,316.0
16,2023-03-02 12:47:32+0000,847,0.0,1.800000071525574,0.0,0.0,44.0
49,2023-03-02 12:20:07+0000,980,0.0,1.800000071525574,0.0,0.0,211.0
16,2023-02-28 13:31:22+0000,985,0.0,1.800000071525574,0.0,0.0,69.0
10,2023-02-28 12:39:52+0000,2237,0.0,1.800000071525574,0.0,0.0,417.0
10,2023-02-28 12:32:21+0000,218,0.0,1.800000071525574,0.0,0.0,15.0
16,2023-02-27 19:40:33+0000,1945,0.0,1.800000071525574,0.0,0.0,166.0
49,2023-02-26 12:45:44+0000,332,0.0,1.800000071525574,0.0,0.0,34.0
16,2023-02-25 09:24:47+0000,918,0.0,1.800000071525574,0.0,0.0,87.0
49,2023-02-25 08:41:49+0000,2437,0.0,1.800000071525574,0.0,0.0,456.0
16,2023-02-24 12:52:59+0000,3022,0.0,1.800000071525574,0.0,0.0,199.0
16,2023-02-23 12:55:35+0000,606,0.0,1.800000071525574,0.0,0.0,55.0
49,2023-02-23 12:23:31+0000,1914,0.0,1.800000071525574,0.0,0.0,365.0
16,2023-02-21 14:21:11+0000,884,0.0,1.800000071525574,0.0,0.0,71.0
49,2023-02-21 14:06:37+0000,863,0.0,1.800000071525574,0.0,0.0,127.0
16,2023-02-20 17:02:41+0000,2728,0.0,1.800000071525574,0.0,0.0,245.0
16,2023-02-20 16:56:40+0000,235,0.0,1.800000071525574,0.0,0.0,36.0
1,2023-02-19 08:00:09+0000,2465,188.0,0.1884986013174057,7075.0,0.348,423.0
49,2023-02-18 08:20:01+0000,933,0.0,1.800000071525574,0.0,0.0,120.0
16,2023-02-17 13:40:02+0000,3117,0.0,1.800000071525574,0.0,0.0,328.0
16,2023-02-16 12:28:35+0000,1581,0.0,1.800000071525574,0.0,0.0,107.0
49,2023-02-16 11:45:54+0000,2066,0.0,1.800000071525574,0.0,0.0,363.0
49,2023-02-14 11:57:57+0000,1917,0.0,1.800000071525574,0.0,0.0,318.0
16,2023-02-13 12:12:34+0000,1663,0.0,1.800000071525574,0.0,0.0,183.0
16,2023-02-11 09:15:50+0000,862,0.0,1.800000071525574,0.0,0.0,80.0
49,2023-02-11 08:26:25+0000,2047,0.0,1.800000071525574,0.0,0.0,360.0
16,2023-02-10 13:49:06+0000,1792,0.0,1.800000071525574,0.0,0.0,214.0
16,2023-02-09 14:24:23+0000,988,0.0,1.800000071525574,0.0,0.0,80.0
49,2023-02-09 13:54:01+0000,1576,0.0,1.800000071525574,0.0,0.0,286.0
16,2023-02-07 13:39:51+0000,2313,0.0,1.800000071525574,0.0,0.0,198.0
16,2023-02-06 14:35:06+0000,1657,0.0,1.800000071525574,0.0,0.0,202.0
1,2023-02-05 08:46:58+0000,2826,191.0,0.1856611520051956,7583.0,0.372,436.0
16,2023-02-04 08:13:25+0000,1502,0.0,1.800000071525574,0.0,0.0,137.0
49,2023-02-03 13:20:17+0000,1349,0.0,1.800000071525574,0.0,0.0,292.0
16,2023-01-31 13:46:45+0000,693,0.0,1.800000071525574,0.0,0.0,78.0
49,2023-01-31 13:04:23+0000,2525,0.0,1.800000071525574,0.0,0.0,385.0
16,2023-01-30 14:24:02+0000,1726,0.0,1.800000071525574,0.0,0.0,168.0
1,2023-01-29 08:44:12+0000,2911,184.0,0.1841734498739243,7714.0,0.377,458.0
16,2023-01-27 14:18:21+0000,2575,0.0,1.800000071525574,0.0,0.0,243.0
16,2023-01-26 13:07:01+0000,1326,0.0,1.800000071525574,0.0,0.0,121.0
49,2023-01-26 12:30:50+0000,2162,0.0,1.800000071525574,0.0,0.0,415.0
16,2023-01-24 12:53:10+0000,1169,0.0,1.800000071525574,0.0,0.0,89.0
49,2023-01-24 12:10:50+0000,1633,0.0,1.800000071525574,0.0,0.0,248.0
16,2023-01-23 17:33:18+0000,2545,0.0,1.800000071525574,0.0,0.0,241.0
49,2023-01-21 09:43:19+0000,2220,0.0,1.800000071525574,0.0,0.0,260.0
16,2023-01-20 12:05:22+0000,3715,0.0,1.800000071525574,0.0,0.0,346.0
16,2023-01-19 11:38:30+0000,903,0.0,1.800000071525574,0.0,0.0,90.0
49,2023-01-19 11:03:29+0000,1633,0.0,1.800000071525574,0.0,0.0,267.0
16,2023-01-17 12:32:12+0000,1676,0.0,1.800000071525574,0.0,0.0,152.0
49,2023-01-17 12:09:18+0000,1363,0.0,1.800000071525574,0.0,0.0,102.0
16,2023-01-16 11:39:43+0000,1904,0.0,1.800000071525574,0.0,0.0,216.0
1,2023-01-15 08:43:48+0000,2907,186.0,0.1864168047904968,8201.0,0.354,481.0
16,2023-01-14 08:42:12+0000,3322,0.0,1.800000071525574,0.0,0.0,334.0
16,2023-01-13 14:07:31+0000,1406,0.0,1.800000071525574,0.0,0.0,100.0
16,2023-01-12 11:24:55+0000,826,0.0,1.800000071525574,0.0,0.0,53.0
16,2023-01-10 13:10:43+0000,1923,0.0,1.800000071525574,0.0,0.0,241.0
49,2023-01-10 12:13:08+0000,2633,0.0,1.800000071525574,0.0,0.0,480.0
16,2023-01-09 12:10:08+0000,5805,0.0,1.800000071525574,0.0,0.0,366.0
1,2023-01-08 08:55:03+0000,1808,188.0,0.1864215284585953,5317.0,0.339,403.0
16,2023-01-07 14:41:21+0000,2552,0.0,1.800000071525574,0.0,0.0,224.0
49,2023-01-07 14:02:02+0000,1420,0.0,1.800000071525574,0.0,0.0,299.0
16,2023-01-05 11:42:23+0000,839,0.0,1.800000071525574,0.0,0.0,72.0
23,2023-01-05 11:10:20+0000,1832,0.0,1.800000071525574,0.0,0.0,195.0
16,2023-01-03 13:05:00+0000,1151,0.0,1.800000071525574,0.0,0.0,110.0
49,2023-01-03 12:16:16+0000,1625,0.0,1.800000071525574,0.0,0.0,309.0
16,2023-01-02 13:34:06+0000,4626,0.0,1.800000071525574,0.0,0.0,465.0
1,2023-01-01 08:18:14+0000,1315,192.0,0.1922964006662369,3911.0,0.336,232.0
16,2022-12-31 08:26:39+0000,4407,0.0,1.800000071525574,0.0,0.0,383.0
16,2022-12-29 10:55:50+0000,1274,0.0,1.800000071525574,0.0,0.0,190.0
49,2022-12-27 11:57:49+0000,1636,0.0,1.800000071525574,0.0,0.0,159.0
16,2022-12-26 12:00:48+0000,1671,0.0,1.800000071525574,0.0,0.0,115.0
16,2022-12-26 11:59:04+0000,92,0.0,1.800000071525574,0.0,0.0,6.0
1,2022-12-25 08:34:11+0000,3846,221.0,0.2213305681943893,10492.0,0.366,677.0
16,2022-12-24 08:31:42+0000,3513,0.0,1.800000071525574,0.0,0.0,396.0
16,2022-12-22 12:47:22+0000,826,0.0,1.800000071525574,0.0,0.0,69.0
49,2022-12-22 12:07:07+0000,1460,0.0,1.800000071525574,0.0,0.0,280.0
49,2022-12-20 12:05:09+0000,2233,0.0,1.800000071525574,0.0,0.0,219.0
16,2022-12-19 17:00:01+0000,1342,0.0,1.800000071525574,0.0,0.0,142.0
49,2022-12-18 08:10:37+0000,2969,0.0,1.800000071525574,0.0,0.0,562.0
16,2022-12-16 12:26:21+0000,4115,0.0,1.800000071525574,0.0,0.0,395.0
16,2022-12-15 12:49:04+0000,1539,0.0,1.800000071525574,0.0,0.0,111.0
49,2022-12-15 11:56:08+0000,2034,0.0,1.800000071525574,0.0,0.0,425.0
49,2022-12-13 11:48:48+0000,1890,0.0,1.800000071525574,0.0,0.0,267.0
16,2022-12-12 17:13:16+0000,4532,0.0,1.800000071525574,0.0,0.0,423.0
1,2022-12-11 08:07:39+0000,2003,216.0,0.2165844738483429,6642.0,0.301,405.0
16,2022-12-09 13:02:01+0000,3074,0.0,1.800000071525574,0.0,0.0,272.0
49,2022-12-07 18:46:04+0000,603,0.0,1.800000071525574,0.0,0.0,113.0
16,2022-12-07 17:53:16+0000,2666,0.0,1.800000071525574,0.0,0.0,250.0
16,2022-12-07 17:49:43+0000,201,0.0,1.800000071525574,0.0,0.0,15.0
49,2022-12-06 14:38:12+0000,1699,0.0,1.800000071525574,0.0,0.0,342.0
16,2022-12-05 12:03:23+0000,2017,0.0,1.800000071525574,0.0,0.0,229.0
16,2022-12-03 08:34:30+0000,2235,0.0,1.800000071525574,0.0,0.0,211.0
16,2022-12-02 14:36:38+0000,563,0.0,1.800000071525574,0.0,0.0,75.0
49,2022-12-02 13:52:31+0000,2187,0.0,1.800000071525574,0.0,0.0,287.0
16,2022-11-29 15:00:07+0000,1028,0.0,1.800000071525574,0.0,0.0,105.0
49,2022-11-29 14:26:18+0000,1565,0.0,1.800000071525574,0.0,0.0,253.0
16,2022-11-28 14:48:14+0000,1635,0.0,1.800000071525574,0.0,0.0,132.0
1,2022-11-27 14:21:18+0000,2442,244.0,0.2444230020046234,7625.0,0.32,478.0
16,2022-11-25 12:54:32+0000,897,0.0,1.800000071525574,0.0,0.0,102.0
49,2022-11-25 12:03:52+0000,2429,0.0,1.800000071525574,0.0,0.0,438.0
49,2022-11-24 11:40:26+0000,1796,0.0,1.800000071525574,0.0,0.0,194.0
16,2022-11-22 13:32:54+0000,1479,0.0,1.800000071525574,0.0,0.0,175.0
16,2022-11-22 13:25:14+0000,424,0.0,1.800000071525574,0.0,0.0,36.0
49,2022-11-22 12:43:06+0000,2102,0.0,1.800000071525574,0.0,0.0,273.0
16,2022-11-21 11:16:10+0000,3009,0.0,1.800000071525574,0.0,0.0,285.0
1,2022-11-20 07:53:36+0000,1861,190.0,0.1895420849323273,5555.0,0.335,185.0
16,2022-11-18 14:17:47+0000,736,0.0,1.800000071525574,0.0,0.0,82.0
49,2022-11-18 13:32:08+0000,2731,0.0,1.800000071525574,0.0,0.0,344.0
16,2022-11-17 13:43:22+0000,1404,0.0,1.800000071525574,0.0,0.0,124.0
16,2022-11-17 13:14:23+0000,1732,0.0,1.800000071525574,0.0,0.0,123.0
16,2022-11-15 13:53:51+0000,1837,0.0,1.800000071525574,0.0,0.0,234.0
49,2022-11-15 13:06:57+0000,2066,0.0,1.800000071525574,0.0,0.0,199.0
16,2022-11-14 13:35:16+0000,2744,0.0,1.800000071525574,0.0,0.0,290.0
16,2022-11-13 09:14:27+0000,257,0.0,1.800000071525574,0.0,0.0,33.0
1,2022-11-13 08:12:20+0000,3718,211.0,0.2113292515277863,10355.0,0.359,730.0
16,2022-11-12 11:38:19+0000,3332,0.0,1.800000071525574,0.0,0.0,329.0
16,2022-11-10 13:46:32+0000,2352,0.0,1.800000071525574,0.0,0.0,224.0
49,2022-11-10 13:10:52+0000,1530,0.0,1.800000071525574,0.0,0.0,298.0
16,2022-11-08 14:00:33+0000,1116,0.0,1.800000071525574,0.0,0.0,93.0
49,2022-11-08 13:11:36+0000,2168,0.0,1.800000071525574,0.0,0.0,325.0
16,2022-11-07 13:30:10+0000,3048,0.0,1.800000071525574,0.0,0.0,269.0
16,2022-11-06 09:03:06+0000,543,0.0,1.800000071525574,0.0,0.0,46.0
1,2022-11-06 07:56:10+0000,3332,146.0,0.1465907543897629,10129.0,0.328,611.0
16,2022-11-04 09:12:06+0000,1617,0.0,1.800000071525574,0.0,0.0,125.0
49,2022-11-04 08:37:15+0000,1644,0.0,1.800000071525574,0.0,0.0,255.0
16,2022-11-03 15:13:04+0000,507,0.0,1.800000071525574,0.0,0.0,89.0
49,2022-11-03 14:55:07+0000,891,0.0,1.800000071525574,0.0,0.0,122.0
16,2022-11-03 14:32:09+0000,1372,0.0,1.800000071525574,0.0,0.0,172.0
16,2022-11-01 18:26:45+0000,271,0.0,1.800000071525574,0.0,0.0,23.0
1,2022-11-01 17:20:52+0000,3304,221.0,0.2218690365552902,10187.0,0.324,722.0
16,2022-10-31 17:11:22+0000,3973,0.0,1.800000071525574,0.0,0.0,343.0
16,2022-10-30 08:32:58+0000,683,0.0,1.800000071525574,0.0,0.0,58.0
1,2022-10-30 07:23:19+0000,3935,211.0,0.211359977722168,10511.0,0.374,634.0
49,2022-10-28 14:24:31+0000,132,0.0,1.800000071525574,0.0,0.0,17.0
16,2022-10-28 13:49:16+0000,2080,0.0,1.800000071525574,0.0,0.0,184.0
16,2022-10-27 13:07:36+0000,560,0.0,1.800000071525574,0.0,0.0,40.0
49,2022-10-27 12:29:02+0000,2299,0.0,1.800000071525574,0.0,0.0,252.0
16,2022-10-25 11:34:13+0000,1050,0.0,1.800000071525574,0.0,0.0,81.0
49,2022-10-25 11:03:59+0000,1424,0.0,1.800000071525574,0.0,0.0,240.0
16,2022-10-24 12:47:24+0000,4394,0.0,1.800000071525574,0.0,0.0,344.0
16,2022-10-23 08:08:14+0000,797,0.0,1.800000071525574,0.0,0.0,96.0
1,2022-10-23 07:09:58+0000,2985,214.0,0.2143348604440689,10099.0,0.295,691.0
16,2022-10-21 12:56:00+0000,897,0.0,1.800000071525574,0.0,0.0,93.0
49,2022-10-21 12:09:58+0000,2754,0.0,1.800000071525574,0.0,0.0,315.0
16,2022-10-20 17:26:05+0000,2574,0.0,1.800000071525574,0.0,0.0,297.0
49,2022-10-18 16:01:37+0000,1411,0.0,1.800000071525574,0.0,0.0,182.0
16,2022-10-17 16:16:29+0000,988,0.0,1.800000071525574,0.0,0.0,123.0
16,2022-10-17 15:51:28+0000,1208,0.0,1.800000071525574,0.0,0.0,115.0
49,2022-10-15 08:10:43+0000,4895,0.0,1.800000071525574,0.0,0.0,1018.0
16,2022-10-14 12:26:21+0000,2937,0.0,1.800000071525574,0.0,0.0,276.0
16,2022-10-13 12:43:52+0000,1007,0.0,1.800000071525574,0.0,0.0,119.0
49,2022-10-13 12:25:17+0000,1008,0.0,1.800000071525574,0.0,0.0,117.0
49,2022-10-13 12:12:36+0000,754,0.0,1.800000071525574,0.0,0.0,63.0
16,2022-10-11 12:42:58+0000,2015,0.0,1.800000071525574,0.0,0.0,147.0
49,2022-10-11 12:09:53+0000,1226,0.0,1.800000071525574,0.0,0.0,193.0
16,2022-10-08 08:16:13+0000,455,0.0,1.800000071525574,0.0,0.0,56.0
49,2022-10-08 07:12:39+0000,3811,0.0,1.800000071525574,0.0,0.0,716.0
16,2022-10-06 12:30:30+0000,3225,0.0,1.800000071525574,0.0,0.0,350.0
16,2022-10-05 12:24:45+0000,1093,0.0,1.800000071525574,0.0,0.0,98.0
49,2022-10-05 11:26:30+0000,2985,0.0,1.800000071525574,0.0,0.0,481.0
16,2022-10-03 16:40:44+0000,2744,0.0,1.800000071525574,0.0,0.0,340.0
49,2022-10-03 16:27:04+0000,755,0.0,1.800000071525574,0.0,0.0,119.0
49,2022-10-02 08:01:12+0000,3361,0.0,1.800000071525574,0.0,0.0,674.0
49,2022-09-30 13:39:20+0000,1978,0.0,1.800000071525574,0.0,0.0,228.0
16,2022-09-29 12:22:29+0000,1622,0.0,1.800000071525574,0.0,0.0,137.0
16,2022-09-28 17:32:38+0000,797,0.0,1.800000071525574,0.0,0.0,72.0
49,2022-09-28 16:30:42+0000,2239,0.0,1.800000071525574,0.0,0.0,466.0
16,2022-09-27 16:12:43+0000,4527,0.0,1.800000071525574,0.0,0.0,548.0
16,2022-09-25 07:53:16+0000,739,0.0,1.800000071525574,0.0,0.0,77.0
1,2022-09-25 07:04:46+0000,2783,190.0,0.1872242540121078,7957.0,0.349,393.0
16,2022-09-23 13:06:14+0000,1737,0.0,1.800000071525574,0.0,0.0,170.0
49,2022-09-23 12:40:31+0000,1492,0.0,1.800000071525574,0.0,0.0,138.0
16,2022-09-22 12:16:45+0000,2921,0.0,1.800000071525574,0.0,0.0,258.0
16,2022-09-21 13:17:55+0000,1060,0.0,1.800000071525574,0.0,0.0,91.0
49,2022-09-21 12:35:17+0000,1894,0.0,1.800000071525574,0.0,0.0,269.0
49,2022-09-19 13:26:52+0000,2093,0.0,1.800000071525574,0.0,0.0,306.0
16,2022-09-18 08:15:47+0000,764,0.0,1.800000071525574,0.0,0.0,96.0
6,2022-09-18 08:09:43+0000,69,324.0,0.323787122964859,115.0,0.596,10.0
1,2022-09-18 07:39:16+0000,1813,207.0,0.2074375152587891,6242.0,0.29,373.0
16,2022-09-17 07:22:05+0000,2346,0.0,1.800000071525574,0.0,0.0,186.0
49,2022-09-15 12:32:21+0000,2910,0.0,1.800000071525574,0.0,0.0,308.0
16,2022-09-15 12:11:26+0000,1250,0.0,1.800000071525574,0.0,0.0,112.0
49,2022-09-13 12:38:36+0000,1334,0.0,1.800000071525574,0.0,0.0,251.0
16,2022-09-12 12:13:08+0000,2278,0.0,1.800000071525574,0.0,0.0,213.0
49,2022-09-11 07:24:59+0000,2706,0.0,1.800000071525574,0.0,0.0,534.0
16,2022-09-09 11:24:03+0000,2161,0.0,1.800000071525574,0.0,0.0,183.0
49,2022-09-09 10:54:49+0000,1748,0.0,1.800000071525574,0.0,0.0,123.0
49,2022-09-09 10:50:28+0000,258,0.0,1.800000071525574,0.0,0.0,9.0
16,2022-09-08 12:47:01+0000,3280,0.0,1.800000071525574,0.0,0.0,422.0
49,2022-09-08 12:07:00+0000,2372,0.0,1.800000071525574,0.0,0.0,250.0
16,2022-09-06 11:31:17+0000,3139,0.0,1.800000071525574,0.0,0.0,311.0
49,2022-09-06 11:03:04+0000,1349,0.0,1.800000071525574,0.0,0.0,220.0
16,2022-09-05 11:26:06+0000,3277,0.0,1.800000071525574,0.0,0.0,379.0
16,2022-09-04 07:17:51+0000,497,0.0,1.800000071525574,0.0,0.0,59.0
49,2022-09-04 06:53:12+0000,1208,0.0,1.800000071525574,0.0,0.0,214.0
16,2022-09-02 11:42:18+0000,1537,0.0,1.800000071525574,0.0,0.0,163.0
49,2022-09-02 11:30:06+0000,725,0.0,1.800000071525574,0.0,0.0,68.0
49,2022-09-02 11:22:39+0000,442,0.0,1.800000071525574,0.0,0.0,17.0
16,2022-09-01 11:13:34+0000,2027,0.0,1.800000071525574,0.0,0.0,315.0
49,2022-09-01 10:52:24+0000,718,0.0,1.800000071525574,0.0,0.0,138.0
16,2022-08-30 12:21:45+0000,1651,0.0,1.800000071525574,0.0,0.0,181.0
49,2022-08-30 11:34:04+0000,1805,0.0,1.800000071525574,0.0,0.0,322.0
49,2022-08-29 12:53:17+0000,1052,0.0,1.800000071525574,0.0,0.0,94.0
16,2022-08-29 12:21:50+0000,1883,0.0,1.800000071525574,0.0,0.0,126.0
49,2022-08-28 07:10:32+0000,2412,0.0,1.800000071525574,0.0,0.0,436.0
49,2022-08-26 13:41:24+0000,635,0.0,1.800000071525574,0.0,0.0,113.0
16,2022-08-26 12:46:54+0000,3256,0.0,1.800000071525574,0.0,0.0,352.0
16,2022-08-25 12:31:22+0000,1776,0.0,1.800000071525574,0.0,0.0,253.0
49,2022-08-25 11:56:11+0000,2104,0.0,1.800000071525574,0.0,0.0,298.0
16,2022-08-22 13:43:28+0000,1723,0.0,1.800000071525574,0.0,0.0,221.0
49,2022-08-22 13:18:56+0000,996,0.0,1.800000071525574,0.0,0.0,165.0
49,2022-08-22 13:15:09+0000,219,0.0,1.800000071525574,0.0,0.0,10.0
1,2022-08-21 06:55:02+0000,1327,224.0,0.2249282151460648,4409.0,0.3,301.0
16,2022-08-19 08:47:02+0000,7462,0.0,1.800000071525574,0.0,0.0,702.0
16,2022-08-18 12:07:24+0000,1519,0.0,1.800000071525574,0.0,0.0,141.0
16,2022-08-18 12:05:22+0000,95,0.0,1.800000071525574,0.0,0.0,9.0
49,2022-08-18 11:30:09+0000,1785,0.0,1.800000071525574,0.0,0.0,297.0
16,2022-08-17 20:30:30+0000,45,0.0,1.800000071525574,0.0,0.0,2.0
16,2022-08-16 12:35:10+0000,751,0.0,1.800000071525574,0.0,0.0,64.0
16,2022-08-16 11:30:57+0000,3558,0.0,1.800000071525574,0.0,0.0,446.0
16,2022-08-15 09:15:04+0000,6212,0.0,1.800000071525574,0.0,0.0,607.0
49,2022-08-15 08:48:04+0000,1492,0.0,1.800000071525574,0.0,0.0,192.0
49,2022-08-12 20:39:04+0000,19103,0.0,1.800000071525574,0.0,0.0,986.0
49,2022-08-12 11:54:37+0000,2752,0.0,1.800000071525574,0.0,0.0,386.0
49,2022-08-11 11:50:02+0000,1124,0.0,1.800000071525574,0.0,0.0,184.0
16,2022-08-11 11:19:56+0000,1790,0.0,1.800000071525574,0.0,0.0,173.0
49,2022-08-09 12:48:12+0000,1397,0.0,1.800000071525574,0.0,0.0,255.0
16,2022-08-09 12:09:18+0000,2159,0.0,1.800000071525574,0.0,0.0,268.0
16,2022-08-08 13:11:09+0000,1767,0.0,1.800000071525574,0.0,0.0,206.0
49,2022-08-08 12:30:12+0000,2109,0.0,1.800000071525574,0.0,0.0,385.0
1,2022-08-06 15:52:20+0000,31,1609.0,0.6026961207389832,13.0,2.272,1.0
16,2022-08-05 11:31:29+0000,4007,0.0,1.800000071525574,0.0,0.0,389.0
16,2022-08-05 11:30:02+0000,77,0.0,1.800000071525574,0.0,0.0,6.0
16,2022-08-04 12:37:43+0000,436,0.0,1.800000071525574,0.0,0.0,43.0
16,2022-08-04 12:16:44+0000,1176,0.0,1.800000071525574,0.0,0.0,120.0
49,2022-08-04 11:29:16+0000,1701,0.0,1.800000071525574,0.0,0.0,334.0
16,2022-08-02 12:20:45+0000,2292,0.0,1.800000071525574,0.0,0.0,367.0
49,2022-08-01 13:42:38+0000,546,0.0,1.800000071525574,0.0,0.0,84.0
16,2022-08-01 13:20:17+0000,1334,0.0,1.800000071525574,0.0,0.0,173.0
49,2022-07-31 20:15:40+0000,28382,0.0,1.800000071525574,0.0,0.0,1515.0
49,2022-07-31 06:51:51+0000,1884,0.0,1.800000071525574,0.0,0.0,394.0
16,2022-07-29 15:55:22+0000,1988,0.0,1.800000071525574,0.0,0.0,183.0
49,2022-07-29 15:08:40+0000,2469,0.0,1.800000071525574,0.0,0.0,355.0
49,2022-07-28 11:47:33+0000,1117,0.0,1.800000071525574,0.0,0.0,159.0
16,2022-07-28 10:53:24+0000,2376,0.0,1.800000071525574,0.0,0.0,290.0
49,2022-07-26 13:25:19+0000,755,0.0,1.800000071525574,0.0,0.0,158.0
16,2022-07-26 12:40:43+0000,2460,0.0,1.800000071525574,0.0,0.0,186.0
16,2022-07-25 16:12:49+0000,1306,0.0,1.800000071525574,0.0,0.0,136.0
49,2022-07-25 15:42:05+0000,1365,0.0,1.800000071525574,0.0,0.0,214.0
16,2022-07-24 08:01:58+0000,405,0.0,1.800000071525574,0.0,0.0,38.0
49,2022-07-24 07:44:48+0000,1020,0.0,1.800000071525574,0.0,0.0,181.0
16,2022-07-24 07:30:49+0000,826,0.0,1.800000071525574,0.0,0.0,77.0
49,2022-07-24 07:15:43+0000,873,0.0,1.800000071525574,0.0,0.0,177.0
16,2022-07-22 17:06:34+0000,2929,0.0,1.800000071525574,0.0,0.0,354.0
16,2022-07-22 16:52:22+0000,802,0.0,1.800000071525574,0.0,0.0,81.0
16,2022-07-21 12:55:55+0000,2844,0.0,1.800000071525574,0.0,0.0,360.0
49,2022-07-21 12:27:46+0000,1256,0.0,1.800000071525574,0.0,0.0,199.0
49,2022-07-21 12:25:38+0000,114,0.0,1.800000071525574,0.0,0.0,5.0
49,2022-07-21 12:24:36+0000,56,0.0,1.800000071525574,0.0,0.0,3.0
16,2022-07-19 13:32:26+0000,1208,0.0,1.800000071525574,0.0,0.0,114.0
49,2022-07-19 12:52:19+0000,1825,0.0,1.800000071525574,0.0,0.0,312.0
16,2022-07-18 13:18:55+0000,1304,0.0,1.800000071525574,0.0,0.0,159.0
16,2022-07-18 13:14:31+0000,209,0.0,1.800000071525574,0.0,0.0,19.0
16,2022-07-18 12:48:53+0000,1216,0.0,1.800000071525574,0.0,0.0,137.0
16,2022-07-17 07:15:00+0000,952,0.0,1.800000071525574,0.0,0.0,99.0
16,2022-07-17 07:05:22+0000,569,0.0,1.800000071525574,0.0,0.0,44.0
49,2022-07-17 06:38:35+0000,1344,0.0,1.800000071525574,0.0,0.0,284.0
8,2022-07-15 21:17:41+0000,88,692.0,0.6928630471229553,69.0,1.271,11.0
16,2022-07-15 16:31:24+0000,2064,0.0,1.800000071525574,0.0,0.0,233.0
49,2022-07-15 16:01:27+0000,1534,0.0,1.800000071525574,0.0,0.0,151.0
16,2022-07-13 12:40:50+0000,2935,0.0,1.800000071525574,0.0,0.0,247.0
49,2022-07-12 16:57:55+0000,2641,0.0,1.800000071525574,0.0,0.0,388.0
16,2022-07-11 13:08:12+0000,2146,0.0,1.800000071525574,0.0,0.0,165.0
16,2022-07-11 12:38:06+0000,1539,0.0,1.800000071525574,0.0,0.0,170.0
16,2022-07-10 07:10:06+0000,690,0.0,1.800000071525574,0.0,0.0,78.0
49,2022-07-10 06:37:24+0000,1937,0.0,1.800000071525574,0.0,0.0,376.0
16,2022-07-07 08:12:04+0000,1568,0.0,1.800000071525574,0.0,0.0,250.0
49,2022-07-07 07:47:28+0000,1461,0.0,1.800000071525574,0.0,0.0,211.0
16,2022-07-06 12:21:29+0000,2389,0.0,1.800000071525574,0.0,0.0,249.0
49,2022-07-06 11:52:25+0000,1376,0.0,1.800000071525574,0.0,0.0,220.0
16,2022-07-05 08:14:58+0000,2787,0.0,1.800000071525574,0.0,0.0,339.0
49,2022-07-05 07:50:39+0000,996,0.0,1.800000071525574,0.0,0.0,139.0
49,2022-07-04 21:42:49+0000,317,0.0,1.800000071525574,0.0,0.0,35.0
16,2022-07-03 11:00:05+0000,1914,0.0,1.800000071525574,0.0,0.0,320.0
16,2022-06-30 13:57:48+0000,1023,0.0,1.800000071525574,0.0,0.0,92.0
16,2022-06-30 13:51:50+0000,347,0.0,1.800000071525574,0.0,0.0,31.0
49,2022-06-30 13:06:35+0000,1613,0.0,1.800000071525574,0.0,0.0,229.0
16,2022-06-28 17:07:10+0000,1517,0.0,1.800000071525574,0.0,0.0,137.0
49,2022-06-28 16:28:58+0000,1445,0.0,1.800000071525574,0.0,0.0,253.0
16,2022-06-27 16:46:25+0000,3277,0.0,1.800000071525574,0.0,0.0,385.0
1,2022-06-26 07:01:22+0000,634,0.9615384936332703,0.2660281956195831,2034.0,0.3112094395280236,131.6978759765625
1,2022-06-26 06:24:40+0000,921,4.219408988952637,0.2205071747303009,3021.0,0.3035418735518041,202.1006927490234
16,2022-06-23 13:15:59+0000,1807,0.0,1.800000071525574,0.0,0.0,219.0
49,2022-06-23 12:29:54+0000,2065,0.0,1.800000071525574,0.0,0.0,372.0
16,2022-06-21 16:22:15+0000,1527,0.0,1.800000071525574,0.0,0.0,120.0
49,2022-06-21 15:49:39+0000,962,0.0,1.800000071525574,0.0,0.0,147.0
49,2022-06-20 18:40:15+0000,217,0.0,1.800000071525574,0.0,0.0,21.0
16,2022-06-20 18:15:18+0000,1209,0.0,1.800000071525574,0.0,0.0,155.0
49,2022-06-20 17:40:39+0000,2018,0.0,1.800000071525574,0.0,0.0,382.0
16,2022-06-17 18:00:58+0000,481,0.0,1.800000071525574,0.0,0.0,29.0
16,2022-06-17 16:33:57+0000,3355,0.0,1.800000071525574,0.0,0.0,261.0
16,2022-06-16 16:09:14+0000,2113,0.0,1.800000071525574,0.0,0.0,288.0
49,2022-06-16 15:30:57+0000,1802,0.0,1.800000071525574,0.0,0.0,361.0
9,2022-06-16 12:48:10+0000,770,199.0,0.199736699461937,3320.0,0.231,91.0
9,2022-06-15 14:05:00+0000,1054,181.0,0.1816128194332123,4811.0,0.219,174.0
49,2022-06-14 12:30:07+0000,2019,0.0,1.800000071525574,0.0,0.0,279.0
16,2022-06-13 17:48:35+0000,1981,0.0,1.800000071525574,0.0,0.0,205.0
49,2022-06-13 17:19:52+0000,1444,0.0,1.800000071525574,0.0,0.0,241.0
9,2022-06-13 13:26:22+0000,766,191.0,0.1910949498414993,3360.0,0.227,96.0
49,2022-06-11 09:01:56+0000,2731,0.0,1.800000071525574,0.0,0.0,419.0
16,2022-06-10 17:52:10+0000,908,0.0,1.800000071525574,0.0,0.0,100.0
49,2022-06-10 17:25:58+0000,1564,0.0,1.800000071525574,0.0,0.0,262.0
16,2022-06-10 16:52:13+0000,1472,0.0,1.800000071525574,0.0,0.0,129.0
16,2022-06-09 15:57:50+0000,2635,0.0,1.800000071525574,0.0,0.0,202.0
9,2022-06-08 13:22:30+0000,961,191.0,0.1918522864580154,3773.0,0.254,119.0
16,2022-06-07 15:57:13+0000,1360,0.0,1.800000071525574,0.0,0.0,114.0
49,2022-06-07 15:31:31+0000,1225,0.0,1.800000071525574,0.0,0.0,182.0
9,2022-06-07 12:00:42+0000,149,217.0,0.2174591869115829,551.0,0.27,11.0
16,2022-06-06 16:37:28+0000,1038,0.0,1.800000071525574,0.0,0.0,121.0
49,2022-06-06 16:08:56+0000,1356,0.0,1.800000071525574,0.0,0.0,245.0
16,2022-06-04 09:17:48+0000,1815,0.0,1.800000071525574,0.0,0.0,177.0
16,2022-06-03 16:39:06+0000,182,0.0,1.800000071525574,0.0,0.0,31.0
16,2022-06-03 16:14:47+0000,1428,0.0,1.800000071525574,0.0,0.0,108.0
49,2022-06-03 15:40:58+0000,1492,0.0,1.800000071525574,0.0,0.0,271.0
16,2022-06-02 16:37:32+0000,1351,0.0,1.800000071525574,0.0,0.0,145.0
49,2022-06-02 16:03:44+0000,1177,0.0,1.800000071525574,0.0,0.0,201.0
16,2022-06-02 15:37:42+0000,1556,0.0,1.800000071525574,0.0,0.0,197.0
16,2022-05-31 16:12:30+0000,1224,0.0,1.800000071525574,0.0,0.0,123.0
49,2022-05-31 15:47:45+0000,1100,0.0,1.800000071525574,0.0,0.0,226.0
49,2022-05-30 18:25:45+0000,307,0.0,1.800000071525574,0.0,0.0,32.0
16,2022-05-30 17:51:45+0000,1808,0.0,1.800000071525574,0.0,0.0,236.0
49,2022-05-30 17:23:19+0000,1586,0.0,1.800000071525574,0.0,0.0,273.0
9,2022-05-30 15:22:04+0000,1082,159.0,0.1594465374946594,3790.0,0.2849999964237213,94.0
49,2022-05-28 09:23:14+0000,1498,0.0,1.800000071525574,0.0,0.0,209.0
16,2022-05-28 08:51:41+0000,1367,0.0,1.800000071525574,0.0,0.0,134.0
49,2022-05-27 21:53:39+0000,11,0.0,1.800000071525574,0.0,0.0,1.0
9,2022-05-27 13:28:59+0000,894,188.0,0.1883039772510529,3850.0,0.2319999933242798,107.0
16,2022-05-26 17:25:09+0000,2940,0.0,1.800000071525574,0.0,0.0,298.0
16,2022-05-26 16:32:17+0000,1445,0.0,1.800000071525574,0.0,0.0,94.0
49,2022-05-26 16:07:46+0000,1019,0.0,1.800000071525574,0.0,0.0,171.0
16,2022-05-26 15:41:41+0000,1560,0.0,1.800000071525574,0.0,0.0,152.0
9,2022-05-26 13:00:05+0000,962,187.0,0.1875600963830948,4383.0,0.2189999967813492,139.0
9,2022-05-25 11:37:29+0000,1274,157.0,0.1579274982213974,5485.0,0.2319999933242798,207.0
16,2022-05-24 16:08:52+0000,2115,0.0,1.800000071525574,0.0,0.0,241.0
49,2022-05-24 15:44:47+0000,1440,0.0,1.800000071525574,0.0,0.0,217.0
16,2022-05-23 18:08:22+0000,387,0.0,1.800000071525574,0.0,0.0,34.0
16,2022-05-23 17:14:34+0000,2829,0.0,1.800000071525574,0.0,0.0,233.0
49,2022-05-23 16:48:54+0000,1508,0.0,1.800000071525574,0.0,0.0,256.0
10,2022-05-23 16:45:35+0000,193,0.0,1.800000071525574,0.0,0.0,13.0
49,2022-05-23 16:38:20+0000,426,0.0,1.800000071525574,0.0,0.0,50.0
49,2022-05-20 18:04:54+0000,1647,0.0,1.800000071525574,0.0,0.0,285.0
16,2022-05-20 17:52:14+0000,753,0.0,1.800000071525574,0.0,0.0,102.0
49,2022-05-19 15:50:12+0000,2274,0.0,1.800000071525574,0.0,0.0,367.0
9,2022-05-19 13:32:43+0000,873,174.0,0.1749623119831085,3654.0,0.2380000054836273,90.0
9,2022-05-18 11:33:03+0000,1234,149.0,0.1490584462881088,5777.0,0.2129999995231628,161.0
16,2022-05-17 16:05:38+0000,2253,0.0,1.800000071525574,0.0,0.0,185.0
49,2022-05-17 15:34:44+0000,1413,0.0,1.800000071525574,0.0,0.0,291.0
9,2022-05-16 13:14:46+0000,808,200.0,0.2005585730075836,3461.0,0.2329999953508377,95.0
16,2022-05-14 10:14:49+0000,1782,0.0,1.800000071525574,0.0,0.0,223.0
49,2022-05-14 09:42:40+0000,1747,0.0,1.800000071525574,0.0,0.0,250.0
9,2022-05-13 13:34:16+0000,1064,184.0,0.1844948828220367,4438.0,0.238999992609024,142.0
16,2022-05-12 16:50:37+0000,1176,0.0,1.800000071525574,0.0,0.0,100.0
49,2022-05-12 16:28:03+0000,832,0.0,1.800000071525574,0.0,0.0,166.0
16,2022-05-12 16:00:31+0000,1647,0.0,1.800000071525574,0.0,0.0,183.0
9,2022-05-12 12:52:18+0000,1127,169.0,0.1694428324699402,5165.0,0.2179999947547913,148.0
9,2022-05-11 11:33:06+0000,1294,151.0,0.1511118561029434,6492.0,0.1990000009536743,181.0
49,2022-05-10 16:28:35+0000,744,0.0,1.800000071525574,0.0,0.0,122.0
16,2022-05-10 15:50:08+0000,2043,0.0,1.800000071525574,0.0,0.0,199.0
9,2022-05-10 13:40:09+0000,1180,171.0,0.1718372106552124,5170.0,0.2280000001192093,137.0
9,2022-05-09 14:45:19+0000,427,185.0,0.1850791424512863,1643.0,0.2590000033378601,51.0
16,2022-05-09 12:54:57+0000,3514,0.0,1.800000071525574,0.0,0.0,444.0
9,2022-05-09 12:15:43+0000,1224,170.0,0.1700174808502197,5248.0,0.2329999953508377,155.0
49,2022-05-06 16:42:09+0000,3261,0.0,1.800000071525574,0.0,0.0,473.0
16,2022-05-05 15:47:02+0000,4698,0.0,1.800000071525574,0.0,0.0,336.0
9,2022-05-05 07:26:40+0000,928,187.0,0.1876179128885269,3614.0,0.2560000121593475,94.0
9,2022-05-04 11:37:45+0000,1094,176.0,0.1760966628789902,4652.0,0.2349999994039536,140.0
16,2022-05-03 16:02:07+0000,2381,0.0,1.800000071525574,0.0,0.0,267.0
16,2022-05-02 16:25:14+0000,2540,0.0,1.800000071525574,0.0,0.0,363.0
49,2022-05-02 15:49:19+0000,1731,0.0,1.800000071525574,0.0,0.0,339.0
9,2022-05-02 13:37:45+0000,1049,175.0,0.1754353642463684,4174.0,0.2509999871253967,124.0
16,2022-04-30 10:51:25+0000,3973,0.0,1.800000071525574,0.0,0.0,381.0
16,2022-04-29 17:05:43+0000,1032,0.0,1.800000071525574,0.0,0.0,126.0
49,2022-04-29 16:24:32+0000,1954,0.0,1.800000071525574,0.0,0.0,383.0
9,2022-04-29 13:31:22+0000,52,210.0,0.210526317358017,73.0,0.7049999833106995,4.0
9,2022-04-29 08:01:03+0000,1033,155.0,0.1551173478364944,4992.0,0.2060000002384186,150.0
16,2022-04-28 16:18:44+0000,1189,0.0,1.800000071525574,0.0,0.0,115.0
49,2022-04-28 15:48:09+0000,1598,0.0,1.800000071525574,0.0,0.0,237.0
9,2022-04-28 13:05:42+0000,841,175.0,0.1757345348596573,3809.0,0.2199999988079071,100.0
9,2022-04-27 14:12:28+0000,1270,160.0,0.1600754112005234,5435.0,0.2329999953508377,182.0
9,2022-04-27 07:33:40+0000,1293,145.0,0.1450636684894562,5657.0,0.2280000001192093,165.0
16,2022-04-26 15:55:29+0000,3429,0.0,1.800000071525574,0.0,0.0,436.0
1,2022-04-23 17:39:25+0000,32,324.0,0.3242505788803101,49.0,0.6449999809265137,1.0
16,2022-04-23 11:43:01+0000,572,0.0,1.800000071525574,0.0,0.0,75.0
49,2022-04-23 11:20:36+0000,1329,0.0,1.800000071525574,0.0,0.0,223.0
16,2022-04-23 11:02:42+0000,1059,0.0,1.800000071525574,0.0,0.0,91.0
8,2022-04-23 10:50:33+0000,33,516.0,0.5093204379081726,40.0,0.8230000138282776,2.0
16,2022-04-21 16:48:47+0000,1224,0.0,1.800000071525574,0.0,0.0,125.0
49,2022-04-21 16:15:48+0000,1956,0.0,1.800000071525574,0.0,0.0,278.0
16,2022-04-21 15:58:03+0000,1052,0.0,1.800000071525574,0.0,0.0,117.0
1,2022-04-20 14:16:33+0000,145,323.0,0.3237872421741486,179.0,0.8069999814033508,7.0
16,2022-04-19 16:10:21+0000,5622,0.0,1.800000071525574,0.0,0.0,499.0
49,2022-04-19 15:30:16+0000,1670,0.0,1.800000071525574,0.0,0.0,271.0
16,2022-04-16 10:14:36+0000,1672,0.0,1.800000071525574,0.0,0.0,165.0
49,2022-04-16 09:55:38+0000,814,0.0,1.800000071525574,0.0,0.0,155.0
49,2022-04-16 09:55:16+0000,16,0.0,1.800000071525574,0.0,0.0,1.0
16,2022-04-14 16:16:21+0000,2325,0.0,1.800000071525574,0.0,0.0,163.0
49,2022-04-14 15:44:13+0000,1465,0.0,1.800000071525574,0.0,0.0,284.0
16,2022-04-12 16:11:53+0000,1476,0.0,1.800000071525574,0.0,0.0,193.0
16,2022-04-11 16:25:12+0000,2236,0.0,1.800000071525574,0.0,0.0,267.0
49,2022-04-11 15:48:26+0000,1729,0.0,1.800000071525574,0.0,0.0,336.0
49,2022-04-08 17:04:38+0000,620,0.0,1.800000071525574,0.0,0.0,129.0
16,2022-04-08 16:25:06+0000,2282,0.0,1.800000071525574,0.0,0.0,118.0
16,2022-04-07 16:04:45+0000,2975,0.0,1.800000071525574,0.0,0.0,300.0
49,2022-04-07 15:39:40+0000,1491,0.0,1.800000071525574,0.0,0.0,241.0
16,2022-04-05 15:57:54+0000,2606,0.0,1.800000071525574,0.0,0.0,228.0
16,2022-04-04 16:34:27+0000,1374,0.0,1.800000071525574,0.0,0.0,153.0
49,2022-04-04 16:06:32+0000,1664,0.0,1.800000071525574,0.0,0.0,285.0
1,2022-04-03 17:27:50+0000,85,326.0,0.3237870037555695,140.0,0.6050000190734863,1.0
49,2022-04-02 08:44:22+0000,686,0.0,1.800000071525574,0.0,0.0,114.0
16,2022-04-01 13:59:29+0000,2167,0.0,1.800000071525574,0.0,0.0,288.0
16,2022-03-31 16:08:56+0000,2123,0.0,1.800000071525574,0.0,0.0,210.0
49,2022-03-31 15:48:30+0000,1132,0.0,1.800000071525574,0.0,0.0,197.0
16,2022-03-29 15:46:36+0000,2227,0.0,1.800000071525574,0.0,0.0,179.0
16,2022-03-28 16:38:59+0000,1423,0.0,1.800000071525574,0.0,0.0,110.0
49,2022-03-28 15:41:54+0000,1544,0.0,1.800000071525574,0.0,0.0,213.0
16,2022-03-26 09:42:08+0000,2258,0.0,1.800000071525574,0.0,0.0,271.0
49,2022-03-24 16:43:04+0000,2370,0.0,1.800000071525574,0.0,0.0,401.0
49,2022-03-22 21:33:27+0000,458,0.0,1.800000071525574,0.0,0.0,62.0
16,2022-03-22 17:06:46+0000,1093,0.0,1.800000071525574,0.0,0.0,119.0
49,2022-03-22 16:45:11+0000,908,0.0,1.800000071525574,0.0,0.0,191.0
49,2022-03-21 18:38:05+0000,1895,0.0,1.800000071525574,0.0,0.0,328.0
16,2022-03-21 17:48:03+0000,2771,0.0,1.800000071525574,0.0,0.0,255.0
49,2022-03-17 17:16:52+0000,850,0.0,1.800000071525574,0.0,0.0,140.0
16,2022-03-17 16:47:59+0000,1729,0.0,1.800000071525574,0.0,0.0,206.0
49,2022-03-15 17:09:53+0000,728,0.0,1.800000071525574,0.0,0.0,150.0
16,2022-03-15 16:58:11+0000,693,0.0,1.800000071525574,0.0,0.0,55.0
16,2022-03-14 16:51:30+0000,4125,0.0,1.800000071525574,0.0,0.0,424.0
16,2022-03-11 18:16:48+0000,1317,0.0,1.800000071525574,0.0,0.0,143.0
49,2022-03-11 17:42:47+0000,1536,0.0,1.800000071525574,0.0,0.0,306.0
16,2022-03-10 16:45:28+0000,3061,0.0,1.800000071525574,0.0,0.0,317.0
45,2022-03-08 14:27:24+0000,968,0.0,1.800000071525574,0.0,0.0,156.0
16,2022-03-08 13:47:42+0000,2250,0.0,1.800000071525574,0.0,0.0,237.0
1,2022-03-06 07:45:47+0000,1249,226.0,0.226988822221756,4300.0,0.2899999916553497,279.0
1,2022-03-06 07:45:41+0000,1299,4.166666984558105,0.2099957913160324,4350.0,0.298390805721283,271.0
16,2022-03-04 17:08:12+0000,1523,0.0,1.800000071525574,0.0,0.0,151.0
49,2022-03-04 16:20:39+0000,2004,0.0,1.800000071525574,0.0,0.0,380.0
16,2022-03-02 12:24:16+0000,2118,0.0,1.800000071525574,0.0,0.0,247.0
45,2022-03-02 11:57:21+0000,1605,0.0,1.800000071525574,0.0,0.0,234.0
49,2022-02-28 13:56:26+0000,1760,0.0,1.800000071525574,0.0,0.0,261.0
16,2022-02-28 13:21:05+0000,1438,0.0,1.800000071525574,0.0,0.0,207.0
16,2022-02-26 10:59:23+0000,2223,0.0,1.800000071525574,0.0,0.0,264.0
49,2022-02-26 10:29:07+0000,1317,0.0,1.800000071525574,0.0,0.0,250.0
16,2022-02-26 10:06:59+0000,1322,0.0,1.800000071525574,0.0,0.0,151.0
16,2022-02-24 17:11:35+0000,3784,0.0,1.800000071525574,0.0,0.0,428.0
49,2022-02-24 16:50:41+0000,1248,0.0,1.800000071525574,0.0,0.0,253.0
16,2022-02-22 17:09:31+0000,2007,0.0,1.800000071525574,0.0,0.0,154.0
49,2022-02-22 16:43:18+0000,1113,0.0,1.800000071525574,0.0,0.0,228.0
16,2022-02-21 16:18:45+0000,1841,0.0,1.800000071525574,0.0,0.0,225.0
10,2022-02-21 15:50:45+0000,1615,0.0,1.800000071525574,0.0,0.0,230.0
49,2022-02-20 14:29:45+0000,78,0.0,1.800000071525574,0.0,0.0,8.0
49,2022-02-18 16:23:41+0000,991,0.0,1.800000071525574,0.0,0.0,212.0
16,2022-02-17 17:09:26+0000,1118,0.0,1.800000071525574,0.0,0.0,143.0
49,2022-02-17 16:45:56+0000,1153,0.0,1.800000071525574,0.0,0.0,222.0
49,2022-02-15 17:06:45+0000,2311,0.0,1.800000071525574,0.0,0.0,295.0
16,2022-02-15 16:45:51+0000,1244,0.0,1.800000071525574,0.0,0.0,158.0
16,2022-02-14 16:02:25+0000,2049,0.0,1.800000071525574,0.0,0.0,247.0
23,2022-02-14 15:34:16+0000,1285,0.0,1.800000071525574,0.0,0.0,196.0
16,2022-02-12 08:39:00+0000,2981,0.0,1.800000071525574,0.0,0.0,241.0
49,2022-02-10 18:48:58+0000,558,0.0,1.800000071525574,0.0,0.0,95.0
16,2022-02-10 17:43:26+0000,3605,0.0,1.800000071525574,0.0,0.0,387.0
49,2022-02-08 16:42:58+0000,2727,0.0,1.800000071525574,0.0,0.0,370.0
45,2022-02-05 09:26:10+0000,1039,0.0,1.800000071525574,0.0,0.0,181.0
16,2022-02-05 08:56:41+0000,1747,0.0,1.800000071525574,0.0,0.0,160.0
8,2022-02-03 16:44:55+0000,1112,316.0,0.3079391419887543,2520.0,0.4410000145435333,171.0
45,2022-02-02 13:40:44+0000,1078,0.0,1.800000071525574,0.0,0.0,167.0
16,2022-02-02 13:17:17+0000,1363,0.0,1.800000071525574,0.0,0.0,135.0
16,2022-01-31 14:04:45+0000,1986,0.0,1.800000071525574,0.0,0.0,241.0
49,2022-01-31 13:42:54+0000,1296,0.0,1.800000071525574,0.0,0.0,246.0
16,2022-01-27 19:38:53+0000,2712,0.0,1.800000071525574,0.0,0.0,279.0
49,2022-01-27 19:20:41+0000,1083,0.0,1.800000071525574,0.0,0.0,188.0
49,2022-01-24 15:07:48+0000,1519,0.0,1.800000071525574,0.0,0.0,283.0
1,2022-01-23 08:13:10+0000,1519,3.571428537368774,0.177683025598526,4313.0,0.3519591987133026,201.0
1,2022-01-23 08:12:59+0000,1531,195.0,0.1952123641967773,4368.0,0.3499999940395355,211.0
16,2022-01-21 11:57:23+0000,1340,0.0,1.800000071525574,0.0,0.0,141.0
45,2022-01-21 11:32:16+0000,824,0.0,1.800000071525574,0.0,0.0,159.0
16,2022-01-20 17:15:19+0000,493,0.0,1.800000071525574,0.0,0.0,50.0
8,2022-01-20 16:50:15+0000,662,330.0,0.3256084024906158,2000.0,0.3310000002384186,136.0
16,2022-01-18 16:51:01+0000,2320,0.0,1.800000071525574,0.0,0.0,240.0
49,2022-01-18 16:33:34+0000,657,0.0,1.800000071525574,0.0,0.0,123.0
16,2022-01-17 07:34:08+0000,3401,0.0,1.800000071525574,0.0,0.0,443.0
16,2022-01-15 09:33:32+0000,1501,0.0,1.800000071525574,0.0,0.0,154.0
49,2022-01-15 08:45:41+0000,580,0.0,1.800000071525574,0.0,0.0,111.0
10,2022-01-15 08:43:45+0000,106,0.0,1.800000071525574,0.0,0.0,4.0
10,2022-01-15 08:32:49+0000,641,0.0,1.800000071525574,0.0,0.0,32.0
16,2022-01-12 16:02:51+0000,3103,0.0,1.800000071525574,0.0,0.0,358.0
1,2022-01-09 07:44:31+0000,1239,8.474575996398926,0.2070393413305283,4138.0,0.2991783618927002,241.0
49,2022-01-08 09:54:57+0000,2648,0.0,1.800000071525574,0.0,0.0,237.0
59,2022-01-06 07:30:32+0000,972,0.0,1.800000071525574,0.0,0.0,102.0
1,2022-01-05 06:42:45+0000,1204,258.0,0.2586025595664978,3799.0,0.3160000145435333,280.0
1,2022-01-03 08:09:57+0000,782,196.0,0.1968893855810165,2456.0,0.3179999887943268,157.0
59,2022-01-03 07:46:29+0000,1254,0.0,1.800000071525574,0.0,0.0,170.0
1,2022-01-03 07:16:29+0000,753,194.0,0.1942238509654999,2422.0,0.3100000023841858,152.0
1,2022-01-03 07:16:20+0000,1637,8.547008514404297,0.198216050863266,4925.0,0.3319796919822693,307.0
1,2022-01-01 08:51:14+0000,728,243.0,0.2431424707174301,2249.0,0.3230000138282776,162.0
1,2022-01-01 08:51:01+0000,834,3.300329923629761,0.238151952624321,2388.0,0.3488274812698364,172.0
59,2022-01-01 08:22:37+0000,1571,0.0,1.800000071525574,0.0,0.0,137.0
1,2022-01-01 08:00:04+0000,740,194.0,0.1932288706302643,2125.0,0.3479999899864197,160.0
1,2021-12-30 07:33:34+0000,759,145.0,0.144500657916069,2049.0,0.3700000047683716,166.0
59,2021-12-30 07:07:14+0000,1546,0.0,1.800000071525574,0.0,0.0,253.0
1,2021-12-30 06:48:06+0000,740,200.0,0.1923545002937317,1977.0,0.3740000128746033,160.0
76,2021-12-28 13:46:41+0000,444,0.0,1.800000071525574,0.0,0.0,31.0
1,2021-12-28 08:12:10+0000,240,270.0,0.2702475190162659,627.0,0.3819999992847443,46.0
59,2021-12-28 07:46:24+0000,1528,0.0,1.800000071525574,0.0,0.0,137.0
1,2021-12-28 07:31:31+0000,708,212.0,0.2126921713352203,2298.0,0.3079999983310699,149.0
1,2021-12-28 07:31:29+0000,1016,2.695417881011963,0.2108370214700699,3000.0,0.3379999995231628,187.0
49,2021-12-18 12:02:03+0000,3322,0.0,1.800000071525574,0.0,0.0,478.0
16,2021-12-17 10:25:49+0000,3245,0.0,1.800000071525574,0.0,0.0,323.0
16,2021-12-14 06:15:04+0000,3425,0.0,1.800000071525574,0.0,0.0,489.0
8,2021-12-12 13:08:15+0000,655,312.0,0.3117642998695374,2050.0,0.3190000057220459,136.0
49,2021-12-10 08:36:27+0000,1794,0.0,1.800000071525574,0.0,0.0,329.0
49,2021-12-08 10:28:43+0000,2150,0.0,1.800000071525574,0.0,0.0,402.0
16,2021-12-07 10:38:16+0000,2245,0.0,1.800000071525574,0.0,0.0,199.0
10,2021-12-05 10:55:42+0000,2253,0.0,1.800000071525574,0.0,0.0,269.0
49,2021-12-04 10:34:25+0000,1280,0.0,1.800000071525574,0.0,0.0,158.0
16,2021-12-03 05:50:13+0000,611,0.0,1.800000071525574,0.0,0.0,115.0
16,2021-12-03 05:28:18+0000,1306,0.0,1.800000071525574,0.0,0.0,123.0
6,2021-12-02 10:58:56+0000,157,608.0,0.6076003909111023,155.0,1.01199996471405,18.0
8,2021-12-02 10:47:55+0000,615,341.0,0.3389634191989899,1970.0,0.3120000064373016,138.0
16,2021-12-02 10:26:57+0000,1250,0.0,1.800000071525574,0.0,0.0,88.0
10,2021-12-02 07:15:23+0000,651,0.0,1.800000071525574,0.0,0.0,64.0
16,2021-11-30 10:12:57+0000,1342,0.0,1.800000071525574,0.0,0.0,108.0
10,2021-11-30 09:51:38+0000,1154,0.0,1.800000071525574,0.0,0.0,168.0
16,2021-11-29 06:07:59+0000,1786,0.0,1.800000071525574,0.0,0.0,176.0
49,2021-11-28 15:12:38+0000,1039,0.0,1.800000071525574,0.0,0.0,189.0
49,2021-11-27 11:40:03+0000,2093,0.0,1.800000071525574,0.0,0.0,360.0
10,2021-11-26 09:52:28+0000,993,0.0,1.800000071525574,0.0,0.0,134.0
16,2021-11-26 09:29:01+0000,1401,0.0,1.800000071525574,0.0,0.0,177.0
6,2021-11-25 17:28:30+0000,1939,5.747126579284668,0.3262642621994019,1830.0,1.059016346931458,50.0
16,2021-11-25 14:27:16+0000,2016,0.0,1.800000071525574,0.0,0.0,210.0
45,2021-11-25 14:00:16+0000,1247,0.0,1.800000071525574,0.0,0.0,202.0
16,2021-11-24 07:03:58+0000,1999,0.0,1.800000071525574,0.0,0.0,163.0
49,2021-11-23 05:40:44+0000,1971,0.0,1.800000071525574,0.0,0.0,366.0
49,2021-11-21 11:51:58+0000,2260,0.0,1.800000071525574,0.0,0.0,349.0
49,2021-11-20 10:14:57+0000,2285,0.0,1.800000071525574,0.0,0.0,400.0
16,2021-11-19 10:32:47+0000,1963,0.0,1.800000071525574,0.0,0.0,241.0
8,2021-11-17 06:33:50+0000,1813,328.0,0.3231540024280548,3556.0,0.5090000033378601,340.0
16,2021-11-15 12:03:17+0000,799,0.0,1.800000071525574,0.0,0.0,69.0
23,2021-11-15 10:54:25+0000,2669,0.0,1.800000071525574,0.0,0.0,422.0
16,2021-11-14 15:39:21+0000,798,0.0,1.800000071525574,0.0,0.0,93.0
16,2021-11-13 12:10:08+0000,2290,0.0,1.800000071525574,0.0,0.0,217.0
49,2021-11-13 11:36:22+0000,1146,0.0,1.800000071525574,0.0,0.0,144.0
49,2021-11-11 18:40:55+0000,1486,0.0,1.800000071525574,0.0,0.0,187.0
16,2021-11-10 07:10:47+0000,1656,0.0,1.800000071525574,0.0,0.0,212.0
45,2021-11-10 05:35:05+0000,1553,0.0,1.800000071525574,0.0,0.0,305.0
16,2021-11-08 09:54:56+0000,1236,0.0,1.800000071525574,0.0,0.0,139.0
49,2021-11-07 13:39:24+0000,2356,0.0,1.800000071525574,0.0,0.0,410.0
16,2021-11-05 11:40:13+0000,3950,0.0,1.800000071525574,0.0,0.0,268.0
49,2021-11-04 10:11:18+0000,3323,0.0,1.800000071525574,0.0,0.0,477.0
16,2021-11-03 07:01:14+0000,1325,0.0,1.800000071525574,0.0,0.0,124.0
49,2021-11-03 05:51:03+0000,2209,0.0,1.800000071525574,0.0,0.0,448.0
49,2021-11-01 10:58:38+0000,2211,0.0,1.800000071525574,0.0,0.0,405.0
59,2021-10-30 12:36:37+0000,678,0.0,1.800000071525574,0.0,0.0,78.0
1,2021-10-30 11:55:44+0000,1510,1.479289889335632,0.2046245038509369,5061.0,0.298162430524826,310.0
16,2021-10-29 09:58:46+0000,1550,0.0,1.800000071525574,0.0,0.0,156.0
49,2021-10-29 06:37:33+0000,1179,0.0,1.800000071525574,0.0,0.0,107.0
16,2021-10-27 12:43:54+0000,5696,0.0,1.800000071525574,0.0,0.0,360.0
16,2021-10-26 12:08:11+0000,906,0.0,1.800000071525574,0.0,0.0,84.0
16,2021-10-25 06:50:17+0000,1335,0.0,1.800000071525574,0.0,0.0,128.0
49,2021-10-25 05:57:01+0000,1749,0.0,1.800000071525574,0.0,0.0,288.0
16,2021-10-22 11:25:18+0000,690,0.0,1.800000071525574,0.0,0.0,65.0
10,2021-10-22 10:17:56+0000,1996,0.0,1.800000071525574,0.0,0.0,127.0
49,2021-10-21 06:18:53+0000,1722,0.0,1.800000071525574,0.0,0.0,295.0
23,2021-10-20 12:37:55+0000,200,0.0,1.800000071525574,0.0,0.0,8.0
16,2021-10-18 11:05:15+0000,1585,0.0,1.800000071525574,0.0,0.0,183.0
8,2021-10-18 10:10:28+0000,1432,300.0,0.3007515966892242,3370.0,0.4239999949932098,272.0
8,2021-10-17 11:09:53+0000,775,326.0,0.326357364654541,2180.0,0.3549999892711639,151.0
49,2021-10-16 17:16:39+0000,1882,0.0,1.800000071525574,0.0,0.0,318.0
16,2021-10-15 11:57:23+0000,899,0.0,1.800000071525574,0.0,0.0,76.0
16,2021-10-14 05:49:15+0000,1873,0.0,1.800000071525574,0.0,0.0,113.0
16,2021-10-13 10:44:12+0000,1834,0.0,1.800000071525574,0.0,0.0,219.0
23,2021-10-13 09:17:07+0000,1982,0.0,1.800000071525574,0.0,0.0,421.0
16,2021-10-11 19:12:37+0000,12,0.0,1.800000071525574,0.0,0.0,1.0
16,2021-10-11 06:34:21+0000,1319,0.0,1.800000071525574,0.0,0.0,97.0
45,2021-10-11 05:45:34+0000,2107,0.0,1.800000071525574,0.0,0.0,434.0
16,2021-10-10 12:31:50+0000,1391,0.0,1.800000071525574,0.0,0.0,120.0
23,2021-10-10 11:59:37+0000,1514,0.0,1.800000071525574,0.0,0.0,216.0
16,2021-10-08 06:26:06+0000,1165,0.0,1.800000071525574,0.0,0.0,123.0
10,2021-10-08 05:39:30+0000,2012,0.0,1.800000071525574,0.0,0.0,407.0
16,2021-10-06 10:41:39+0000,4028,0.0,1.800000071525574,0.0,0.0,355.0
49,2021-10-05 06:32:16+0000,1673,0.0,1.800000071525574,0.0,0.0,294.0
10,2021-10-03 15:50:23+0000,1296,0.0,1.800000071525574,0.0,0.0,111.0
16,2021-10-01 12:15:28+0000,3461,0.0,1.800000071525574,0.0,0.0,369.0
10,2021-09-30 06:12:41+0000,1250,0.0,1.800000071525574,0.0,0.0,175.0
16,2021-09-29 10:25:23+0000,3128,0.0,1.800000071525574,0.0,0.0,264.0
16,2021-09-28 11:35:13+0000,884,0.0,1.800000071525574,0.0,0.0,105.0
6,2021-09-28 11:16:08+0000,268,606.0,0.6066938042640686,261.0,1.023000001907349,38.0
8,2021-09-28 10:41:21+0000,1939,301.0,0.3018405735492706,5400.0,0.3589999973773956,427.0
16,2021-09-27 10:32:34+0000,3180,0.0,1.800000071525574,0.0,0.0,215.0
16,2021-09-26 09:27:10+0000,3051,0.0,1.800000071525574,0.0,0.0,528.0
16,2021-09-25 09:28:17+0000,2416,0.0,1.800000071525574,0.0,0.0,253.0
50,2021-09-24 11:47:31+0000,1726,0.0,1.800000071525574,0.0,0.0,81.0
16,2021-09-23 05:34:07+0000,3843,0.0,1.800000071525574,0.0,0.0,614.0
16,2021-09-22 11:13:21+0000,1631,0.0,1.800000071525574,0.0,0.0,311.0
16,2021-09-20 08:40:08+0000,4563,0.0,1.800000071525574,0.0,0.0,677.0
